bioproject_accession	biosample_accession	library_ID	title/short description	library_strategy	library_source	library_selection	library_layout	platform	instrument_model	design_description	reference_genome_assembly	alignment_software	forward_read_length	reverse_read_length	filetype	filename	MD5_checksum	filetype2	filename2	MD5_checksum2
PRJNA363037	SAMN06252081	AgR297	New Zealand Isolate	WGS	GENOMIC	RANDOM	paired	ILLUMINA	Illumina MiSeq	Library preparation available on request			300	300	fastq	AgR297_S5_L001_R1_001.fastq.gz	b18c18c53b73f660d66c3d559b4d0d31	fastq	AgR297_S5_L001_R2_001.fastq.gz	921b992029188b948d40ae0b346e3ef1
PRJNA363037	SAMN06252082	AgR197	New Zealand Isolate	WGS	GENOMIC	RANDOM	paired	ILLUMINA	Illumina MiSeq	Library preparation available on request			300	300	fastq	AgR197_S5_L001_R1_001.fastq.gz	c79bcb52a73836b73e6681a559ff7de1	fastq	AgR197_S5_L001_R2_001.fastq.gz	85074b5cd17bd419515c082cce912cf5
PRJNA363037	SAMN06252083	12754_7#32	New Zealand Isolate	WGS	GENOMIC	RANDOM	paired	ILLUMINA	Illumina HiSeq 2500	Library preparation available on request			100	100	fastq	12754_7#32_1.fastq.gz	22a7d90b01c345c882828a88666d32bf	fastq	12754_7#32_2.fastq.gz	becefdeaece28ac75aba577d7c1a6242
PRJNA363037	SAMN06252084	12755_8#27	New Zealand Isolate	WGS	GENOMIC	RANDOM	paired	ILLUMINA	Illumina HiSeq 2500	Library preparation available on request			100	100	fastq	12755_8#27_1.fastq.gz	25d1eaf49fe845c48b7f8186b5e37870	fastq	12755_8#27_2.fastq.gz	1bd838ddd980ee8fe55b36ad54ecad8c
PRJNA363037	SAMN06252085	12754_7#93	New Zealand Isolate	WGS	GENOMIC	RANDOM	paired	ILLUMINA	Illumina HiSeq 2500	Library preparation available on request			100	100	fastq	12754_7#93_1.fastq.gz	06dd7cbd518e37e3f5aed83a24f42feb	fastq	12754_7#93_2.fastq.gz	40e09b03fc9aabd4ed67c60eed17e1c7
PRJNA363037	SAMN06252086	12754_7#12	New Zealand Isolate	WGS	GENOMIC	RANDOM	paired	ILLUMINA	Illumina HiSeq 2500	Library preparation available on request			100	100	fastq	12754_7#12_1.fastq.gz	1ea4ed442cdd05819d64bd219798f538	fastq	12754_7#12_2.fastq.gz	696c3b76928dff5eb92b62d74b0a16f2
PRJNA363037	SAMN06252087	12754_7#83	New Zealand Isolate	WGS	GENOMIC	RANDOM	paired	ILLUMINA	Illumina HiSeq 2500	Library preparation available on request			100	100	fastq	12754_7#83_1.fastq.gz	837789f03f2c9c540d1eeab146fc1f1b	fastq	12754_7#83_2.fastq.gz	771267573f51a8ab768f7f0259e447d3
PRJNA363037	SAMN06252088	12754_8#9	New Zealand Isolate	WGS	GENOMIC	RANDOM	paired	ILLUMINA	Illumina HiSeq 2500	Library preparation available on request			100	100	fastq	12754_8#9_1.fastq.gz	4d5a6aeccfe82bc36a4336d0a7818cec	fastq	12754_8#9_2.fastq.gz	a6353d6efb4da1fd5cbe590f6d8f75be
PRJNA363037	SAMN06252089	AgR308	New Zealand Isolate	WGS	GENOMIC	RANDOM	paired	ILLUMINA	Illumina MiSeq	Library preparation available on request			300	300	fastq	AgR308_S6_L001_R1_001.fastq.gz	2684f3fb718b5dc836406052dc797253	fastq	AgR308_S6_L001_R2_001.fastq.gz	bac9ca36d6eeab312daf703b06af6d09
PRJNA363037	SAMN06252090	12754_7#27	New Zealand Isolate	WGS	GENOMIC	RANDOM	paired	ILLUMINA	Illumina HiSeq 2500	Library preparation available on request			100	100	fastq	12754_7#27_1.fastq.gz	96366e77f798be888f3336be77ae3e60	fastq	12754_7#27_2.fastq.gz	35377b7ac3f13f359fd8a19ae1c1b090
PRJNA363037	SAMN06252091	12755_8#10	New Zealand Isolate	WGS	GENOMIC	RANDOM	paired	ILLUMINA	Illumina HiSeq 2500	Library preparation available on request			100	100	fastq	12755_8#10_1.fastq.gz	d37c5d3db86e8f4e403c1bbe0d7d3062	fastq	12755_8#10_2.fastq.gz	7d5e87efc6989777f524f1a9ae0a4e08
PRJNA363037	SAMN06252092	AgR292	New Zealand Isolate	WGS	GENOMIC	RANDOM	paired	ILLUMINA	Illumina MiSeq	Library preparation available on request			300	300	fastq	AgR292_S26_L001_R1_001.fastq.gz	e2cfbdcbeacba022ab65ca8fbc313023	fastq	AgR292_S26_L001_R2_001.fastq.gz	37d319879e8abc758961b3eec3c99698
PRJNA363037	SAMN06252093	AgR155	New Zealand Isolate	WGS	GENOMIC	RANDOM	paired	ILLUMINA	Illumina MiSeq	Library preparation available on request			300	300	fastq	AgR155_S42_L001_R1_001.fastq.gz	4e36be3ad2c21daacc21f5f33ad232c0	fastq	AgR155_S42_L001_R2_001.fastq.gz	870b7fc81c4abc71438291e9ce4f0874
PRJNA363037	SAMN06252094	AgR290	New Zealand Isolate	WGS	GENOMIC	RANDOM	paired	ILLUMINA	Illumina MiSeq	Library preparation available on request			300	300	fastq	AgR290_S16_L001_R1_001.fastq.gz	336964097fac993259987410293bae7f	fastq	AgR290_S16_L001_R2_001.fastq.gz	55aadcdf4ace82bcb4ea913e99a10247
PRJNA363037	SAMN06252095	12754_8#70	New Zealand Isolate	WGS	GENOMIC	RANDOM	paired	ILLUMINA	Illumina HiSeq 2500	Library preparation available on request			100	100	fastq	12754_8#70_1.fastq.gz	e209939de57a7b16b9ffb2d255a6b216	fastq	12754_8#70_2.fastq.gz	7cb27c8bd359f283bba2308442e30638
PRJNA363037	SAMN06252096	12754_7#21	New Zealand Isolate	WGS	GENOMIC	RANDOM	paired	ILLUMINA	Illumina HiSeq 2500	Library preparation available on request			100	100	fastq	12754_7#21_1.fastq.gz	78cefcb8068ef6e97d778ee2caebf51a	fastq	12754_7#21_2.fastq.gz	3bf3923b9bff3cacc0decb55324ee17c
PRJNA363037	SAMN06252097	N49	New Zealand Isolate	WGS	GENOMIC	RANDOM	paired	ILLUMINA	Illumina MiSeq	Library preparation available on request			250	250	fastq	N49_S5_L001_R1_001.fastq.gz	1dd5c67a91ce3c706c60083d4ef45b48	fastq	N49_S5_L001_R2_001.fastq.gz	5d96f659f2c51bd1890bd5bbd081b258
PRJNA363037	SAMN06252098	AgR272	New Zealand Isolate	WGS	GENOMIC	RANDOM	paired	ILLUMINA	Illumina MiSeq	Library preparation available on request			300	300	fastq	AgR272_S24_L001_R1_001.fastq.gz	9e591aa1662f9e10ca6425bb36d4bbce	fastq	AgR272_S24_L001_R2_001.fastq.gz	6580388e0b93da327e575878416dae0e
PRJNA363037	SAMN06252099	12754_8#33	New Zealand Isolate	WGS	GENOMIC	RANDOM	paired	ILLUMINA	Illumina HiSeq 2500	Library preparation available on request			100	100	fastq	12754_8#33_1.fastq.gz	c361b5258c946738cb8250d4fb509ae2	fastq	12754_8#33_2.fastq.gz	8cfa988594b5bf61389017934aa47eca
PRJNA363037	SAMN06252100	12754_8#81	New Zealand Isolate	WGS	GENOMIC	RANDOM	paired	ILLUMINA	Illumina HiSeq 2500	Library preparation available on request			100	100	fastq	12754_8#81_1.fastq.gz	62c9a20a8f03946607abfc1a4a4dd5c4	fastq	12754_8#81_2.fastq.gz	254b39b9b79e61ed1cd70bd4ea6630ef
PRJNA363037	SAMN06252101	12754_7#55	New Zealand Isolate	WGS	GENOMIC	RANDOM	paired	ILLUMINA	Illumina HiSeq 2500	Library preparation available on request			100	100	fastq	12754_7#55_1.fastq.gz	194ee080d6c5a5d6758152fcebe100b4	fastq	12754_7#55_2.fastq.gz	e2cde484d15f171feddfb9ddb346735d
PRJNA363037	SAMN06252102	AgR146	New Zealand Isolate	WGS	GENOMIC	RANDOM	paired	ILLUMINA	Illumina MiSeq	Library preparation available on request			300	300	fastq	AgR146_S30_L001_R1_001.fastq.gz	e6416737502bccc61f5f6eddc262981f	fastq	AgR146_S30_L001_R2_001.fastq.gz	7590534b803a80d4d9776a101117ce1b
PRJNA363037	SAMN06252103	AgR316	New Zealand Isolate	WGS	GENOMIC	RANDOM	paired	ILLUMINA	Illumina MiSeq	Library preparation available on request			300	300	fastq	AgR316_S23_L001_R1_001.fastq.gz	9cfa81c16b41353e840fa587b83d1d68	fastq	AgR316_S23_L001_R2_001.fastq.gz	21af46a88d4a328387b855a2dcc373b0
PRJNA363037	SAMN06252104	12754_8#12	New Zealand Isolate	WGS	GENOMIC	RANDOM	paired	ILLUMINA	Illumina HiSeq 2500	Library preparation available on request			100	100	fastq	12754_8#12_1.fastq.gz	d2bf93616fb777d929ddab82039d9d61	fastq	12754_8#12_2.fastq.gz	11802724c07e351fdc49f96fb7144507
PRJNA363037	SAMN06252105	12754_8#42	New Zealand Isolate	WGS	GENOMIC	RANDOM	paired	ILLUMINA	Illumina HiSeq 2500	Library preparation available on request			100	100	fastq	12754_8#42_1.fastq.gz	c79ef055182668975096cd88ea1b72c4	fastq	12754_8#42_2.fastq.gz	5f902f577c03020e83165fb88e611188
PRJNA363037	SAMN06252106	AgR132	New Zealand Isolate	WGS	GENOMIC	RANDOM	paired	ILLUMINA	Illumina MiSeq	Library preparation available on request			300	300	fastq	AgR132_S12_L001_R1_001.fastq.gz	b1423b469d0da01edd6e0910ade4c825	fastq	AgR132_S12_L001_R2_001.fastq.gz	ef4ddfa9012ad70132b3c36c93ec8737
PRJNA363037	SAMN06252107	12754_7#65	New Zealand Isolate	WGS	GENOMIC	RANDOM	paired	ILLUMINA	Illumina HiSeq 2500	Library preparation available on request			100	100	fastq	12754_7#65_1.fastq.gz	c689a45768dc5a2273488f42d12a7d53	fastq	12754_7#65_2.fastq.gz	4dd52577eaf8d9ac2304e9625867dddf
PRJNA363037	SAMN06252108	12754_7#51	New Zealand Isolate	WGS	GENOMIC	RANDOM	paired	ILLUMINA	Illumina HiSeq 2500	Library preparation available on request			100	100	fastq	12754_7#51_1.fastq.gz	e703a668514c697fa221a95a8ddf32bd	fastq	12754_7#51_2.fastq.gz	5bb8668f9f620ee256969896de8d2dda
PRJNA363037	SAMN06252109	12755_8#9	New Zealand Isolate	WGS	GENOMIC	RANDOM	paired	ILLUMINA	Illumina HiSeq 2500	Library preparation available on request			100	100	fastq	12755_8#9_1.fastq.gz	df514d7c9be457b26ccffd6432deeda2	fastq	12755_8#9_2.fastq.gz	496eab563a03780e418609e50734cac0
PRJNA363037	SAMN06252110	12754_7#5	New Zealand Isolate	WGS	GENOMIC	RANDOM	paired	ILLUMINA	Illumina HiSeq 2500	Library preparation available on request			100	100	fastq	12754_7#5_1.fastq.gz	d3ead1bea810cdb17167c10c90e3fd99	fastq	12754_7#5_2.fastq.gz	2b76cf61fceff730f865dbbac4b9b5c4
PRJNA363037	SAMN06252111	AgR313	New Zealand Isolate	WGS	GENOMIC	RANDOM	paired	ILLUMINA	Illumina MiSeq	Library preparation available on request			300	300	fastq	AgR313_S13_L001_R1_001.fastq.gz	781e977f83bff964efc79c60412b4994	fastq	AgR313_S13_L001_R2_001.fastq.gz	7d6745ff95ce9e2bf09552f2824fa609
PRJNA363037	SAMN06252112	12754_7#74	New Zealand Isolate	WGS	GENOMIC	RANDOM	paired	ILLUMINA	Illumina HiSeq 2500	Library preparation available on request			100	100	fastq	12754_7#74_1.fastq.gz	0ed512a9aec6f05b84492aabea285ffb	fastq	12754_7#74_2.fastq.gz	d6ad6b23743b025e7152321c90f3694e
PRJNA363037	SAMN06252113	AgR128	New Zealand Isolate	WGS	GENOMIC	RANDOM	paired	ILLUMINA	Illumina MiSeq	Library preparation available on request			300	300	fastq	AgR128_S6_L001_R1_001.fastq.gz	723956afc845e9f8e456afc7c17d7647	fastq	AgR128_S6_L001_R2_001.fastq.gz	21026cc9c032419e8124fedd344bf8c8
PRJNA363037	SAMN06252114	12754_7#30	New Zealand Isolate	WGS	GENOMIC	RANDOM	paired	ILLUMINA	Illumina HiSeq 2500	Library preparation available on request			100	100	fastq	12754_7#30_1.fastq.gz	24ee8f449a1fc7b94c9e79e042057fde	fastq	12754_7#30_2.fastq.gz	5b9e63b6db59a9fc0c51c1bc5d073e44
PRJNA363037	SAMN06252115	AgR304	New Zealand Isolate	WGS	GENOMIC	RANDOM	paired	ILLUMINA	Illumina MiSeq	Library preparation available on request			300	300	fastq	AgR304_S39_L001_R1_001.fastq.gz	81127ebb751036ec45835d339ded7e45	fastq	AgR304_S39_L001_R2_001.fastq.gz	d9799960fd3ea4921aaf9e17e226a6ee
PRJNA363037	SAMN06252116	12755_8#14	New Zealand Isolate	WGS	GENOMIC	RANDOM	paired	ILLUMINA	Illumina HiSeq 2500	Library preparation available on request			100	100	fastq	12755_8#14_1.fastq.gz	a1aa26a9032576f6996d4c9e61816e68	fastq	12755_8#14_2.fastq.gz	b14457b1b3f7cfeaaa3dd7a20ab40f5b
PRJNA363037	SAMN06252117	12754_8#66	New Zealand Isolate	WGS	GENOMIC	RANDOM	paired	ILLUMINA	Illumina HiSeq 2500	Library preparation available on request			100	100	fastq	12754_8#66_1.fastq.gz	101358fc3153e5dbb5ae9bfd1e4d8e3d	fastq	12754_8#66_2.fastq.gz	a307f7a402ed10d013b253e0da0cf3a3
PRJNA363037	SAMN06252118	N42	New Zealand Isolate	WGS	GENOMIC	RANDOM	paired	ILLUMINA	Illumina MiSeq	Library preparation available on request			250	250	fastq	N42_S11_L001_R1_001.fastq.gz	24e54b77b4e9d01dd9c2affaf2870be3	fastq	N42_S11_L001_R2_001.fastq.gz	90c94b379f1c17c8c1cdbab7a4d5b398
PRJNA363037	SAMN06252119	12754_8#63	New Zealand Isolate	WGS	GENOMIC	RANDOM	paired	ILLUMINA	Illumina HiSeq 2500	Library preparation available on request			100	100	fastq	12754_8#63_1.fastq.gz	bb4283cb883dca983164b0f2eb041df6	fastq	12754_8#63_2.fastq.gz	2e3cf80b6572c3bf2266e5ec098b91e5
PRJNA363037	SAMN06252120	12755_8#4	New Zealand Isolate	WGS	GENOMIC	RANDOM	paired	ILLUMINA	Illumina HiSeq 2500	Library preparation available on request			100	100	fastq	12755_8#4_1.fastq.gz	f2fd455948b8185228c3e3f01301be30	fastq	12755_8#4_2.fastq.gz	ac82f20f27cf142b62d0c31cb17e6ae4
PRJNA363037	SAMN06252121	AgR300	New Zealand Isolate	WGS	GENOMIC	RANDOM	paired	ILLUMINA	Illumina MiSeq	Library preparation available on request			300	300	fastq	AgR300_S17_L001_R1_001.fastq.gz	0a6037b6c3a75d8487293ebafcbbcb4b	fastq	AgR300_S17_L001_R2_001.fastq.gz	b7a9fcddbc6c60729b861621691aea02
PRJNA363037	SAMN06252122	12754_8#34	New Zealand Isolate	WGS	GENOMIC	RANDOM	paired	ILLUMINA	Illumina HiSeq 2500	Library preparation available on request			100	100	fastq	12754_8#34_1.fastq.gz	412f8657922bb01d109689ed059420df	fastq	12754_8#34_2.fastq.gz	891ee0e415c780e34c5c064aa4798960
PRJNA363037	SAMN06252123	12754_7#46	New Zealand Isolate	WGS	GENOMIC	RANDOM	paired	ILLUMINA	Illumina HiSeq 2500	Library preparation available on request			100	100	fastq	12754_7#46_1.fastq.gz	1e6e89f1be166b6cdc43ef078577bf58	fastq	12754_7#46_2.fastq.gz	58f470977171114705cf1916aa24a1d8
PRJNA363037	SAMN06252124	AgR276	New Zealand Isolate	WGS	GENOMIC	RANDOM	paired	ILLUMINA	Illumina MiSeq	Library preparation available on request			300	300	fastq	AgR276_S3_L001_R1_001.fastq.gz	606fde5716345c5b618bba21b19ced17	fastq	AgR276_S3_L001_R2_001.fastq.gz	9a353b2ecd5191881c6d69cda89c6b96
PRJNA363037	SAMN06252125	12754_7#37	New Zealand Isolate	WGS	GENOMIC	RANDOM	paired	ILLUMINA	Illumina HiSeq 2500	Library preparation available on request			100	100	fastq	12754_7#37_1.fastq.gz	4e4dd3d50587ca3ede97a8d89e1a3c24	fastq	12754_7#37_2.fastq.gz	c6ea6c9706bd0ba02d4adeb7ee24b9db
PRJNA363037	SAMN06252126	12754_7#28	New Zealand Isolate	WGS	GENOMIC	RANDOM	paired	ILLUMINA	Illumina HiSeq 2500	Library preparation available on request			100	100	fastq	12754_7#28_1.fastq.gz	9660294b5c6b8a2c2aaec70dbf2469d9	fastq	12754_7#28_2.fastq.gz	520f52018232c7807144daf9e9a441f5
PRJNA363037	SAMN06252127	12754_8#49	New Zealand Isolate	WGS	GENOMIC	RANDOM	paired	ILLUMINA	Illumina HiSeq 2500	Library preparation available on request			100	100	fastq	12754_8#49_1.fastq.gz	964f9f684484d21246f6e60a4b326d8c	fastq	12754_8#49_2.fastq.gz	4d6aea490c95cb13bb75705d168d086a
PRJNA363037	SAMN06252128	12754_8#55	New Zealand Isolate	WGS	GENOMIC	RANDOM	paired	ILLUMINA	Illumina HiSeq 2500	Library preparation available on request			100	100	fastq	12754_8#55_1.fastq.gz	2c467cc7f0597147777857ae42060525	fastq	12754_8#55_2.fastq.gz	472eb89d524b9536b64709719e22c2c8
PRJNA363037	SAMN06252129	12754_7#75	New Zealand Isolate	WGS	GENOMIC	RANDOM	paired	ILLUMINA	Illumina HiSeq 2500	Library preparation available on request			100	100	fastq	12754_7#75_1.fastq.gz	c0718f7c9801cbc2207f28155f0eff56	fastq	12754_7#75_2.fastq.gz	818a35186430f9293526996b3f88da01
PRJNA363037	SAMN06252130	12754_8#45	New Zealand Isolate	WGS	GENOMIC	RANDOM	paired	ILLUMINA	Illumina HiSeq 2500	Library preparation available on request			100	100	fastq	12754_8#45_1.fastq.gz	51111ca0aa91cbcffa6f4cf0dc134358	fastq	12754_8#45_2.fastq.gz	caf4c68d2518a75101a6bc97bcd087fa
PRJNA363037	SAMN06252131	N50	New Zealand Isolate	WGS	GENOMIC	RANDOM	paired	ILLUMINA	Illumina MiSeq	Library preparation available on request			250	250	fastq	N50_S6_L001_R1_001.fastq.gz	ea65d0f360089cf21812ad3028c2e618	fastq	N50_S6_L001_R2_001.fastq.gz	2f834b78033070dca1a64066a749af02
PRJNA363037	SAMN06252132	12754_8#60	New Zealand Isolate	WGS	GENOMIC	RANDOM	paired	ILLUMINA	Illumina HiSeq 2500	Library preparation available on request			100	100	fastq	12754_8#60_1.fastq.gz	30eb99a1f110c404b48237d3083a89eb	fastq	12754_8#60_2.fastq.gz	b73ec8e3ee9f756b4bbe7e4c1a5ec751
PRJNA363037	SAMN06252133	AgR310	New Zealand Isolate	WGS	GENOMIC	RANDOM	paired	ILLUMINA	Illumina MiSeq	Library preparation available on request			300	300	fastq	AgR310_S47_L001_R1_001.fastq.gz	cfe8ec4a3b8c48a58ca4cab0549c508f	fastq	AgR310_S47_L001_R2_001.fastq.gz	9135ca92f406fdddbba3634deff5a2e5
PRJNA363037	SAMN06252134	AgR240	New Zealand Isolate	WGS	GENOMIC	RANDOM	paired	ILLUMINA	Illumina MiSeq	Library preparation available on request			300	300	fastq	AgR240_S21_L001_R1_001.fastq.gz	3e9bb81040fed428364e90c158053408	fastq	AgR240_S21_L001_R2_001.fastq.gz	fe7626c12a56a1c25ae01e216cd20898
PRJNA363037	SAMN06252135	AgR248	New Zealand Isolate	WGS	GENOMIC	RANDOM	paired	ILLUMINA	Illumina MiSeq	Library preparation available on request			300	300	fastq	AgR248_S11_L001_R1_001.fastq.gz	489b512aa213d4a9fcfc0b3570a10ccf	fastq	AgR248_S11_L001_R2_001.fastq.gz	b9332453fbc2bb7719030619dad9d410
PRJNA363037	SAMN06252136	AgR301	New Zealand Isolate	WGS	GENOMIC	RANDOM	paired	ILLUMINA	Illumina MiSeq	Library preparation available on request			300	300	fastq	AgR301_S22_L001_R1_001.fastq.gz	dca85441a2979eb822f64b29d9f864d8	fastq	AgR301_S22_L001_R2_001.fastq.gz	13a650537fd2e863cfde3d291f481e5e
PRJNA363037	SAMN06252137	12754_8#51	New Zealand Isolate	WGS	GENOMIC	RANDOM	paired	ILLUMINA	Illumina HiSeq 2500	Library preparation available on request			100	100	fastq	12754_8#51_1.fastq.gz	003ed82f30ab1419c545149994a4b158	fastq	12754_8#51_2.fastq.gz	ccd17623b91604f6938edc009db3a1e2
PRJNA363037	SAMN06252138	12754_7#71	New Zealand Isolate	WGS	GENOMIC	RANDOM	paired	ILLUMINA	Illumina HiSeq 2500	Library preparation available on request			100	100	fastq	12754_7#71_1.fastq.gz	61c3ad1c8e67cc9197602876adb1d965	fastq	12754_7#71_2.fastq.gz	af3bc2f9310941da6fccaa5b09d24ab0
PRJNA363037	SAMN06252139	12754_8#37	New Zealand Isolate	WGS	GENOMIC	RANDOM	paired	ILLUMINA	Illumina HiSeq 2500	Library preparation available on request			100	100	fastq	12754_8#37_1.fastq.gz	456e051e9e251e4eb4f5ba03577601d2	fastq	12754_8#37_2.fastq.gz	90a3e4b83ce1f01b9622f641153ca797
PRJNA363037	SAMN06252140	12754_7#11	New Zealand Isolate	WGS	GENOMIC	RANDOM	paired	ILLUMINA	Illumina HiSeq 2500	Library preparation available on request			100	100	fastq	12754_7#11_1.fastq.gz	8a62cebc323e0251a4bceb6fe94007c0	fastq	12754_7#11_2.fastq.gz	55a6ea3bbba48258344fb53af771ec21
PRJNA363037	SAMN06252141	12755_8#16	New Zealand Isolate	WGS	GENOMIC	RANDOM	paired	ILLUMINA	Illumina HiSeq 2500	Library preparation available on request			100	100	fastq	12755_8#16_1.fastq.gz	8e4d860645239b20495a0daa26008734	fastq	12755_8#16_2.fastq.gz	803cf370106a1fa9c01fad93acc0b561
PRJNA363037	SAMN06252142	AgR234	New Zealand Isolate	WGS	GENOMIC	RANDOM	paired	ILLUMINA	Illumina MiSeq	Library preparation available on request			300	300	fastq	AgR234_S34_L001_R1_001.fastq.gz	d5a235dcef86e2bb3643e8c872eb5f43	fastq	AgR234_S34_L001_R2_001.fastq.gz	e1ccf6b71e6269ceda785d3bfad84e4f
PRJNA363037	SAMN06252143	12754_7#86	New Zealand Isolate	WGS	GENOMIC	RANDOM	paired	ILLUMINA	Illumina HiSeq 2500	Library preparation available on request			100	100	fastq	12754_7#86_1.fastq.gz	3196a86a116dbe0f79c448c029f43ef2	fastq	12754_7#86_2.fastq.gz	29bf8caac3a483348965478a46c32bc6
PRJNA363037	SAMN06252144	AgR296	New Zealand Isolate	WGS	GENOMIC	RANDOM	paired	ILLUMINA	Illumina MiSeq	Library preparation available on request			300	300	fastq	AgR296_S45_L001_R1_001.fastq.gz	dbeea4d5e655ef0290587b23ea0a8e46	fastq	AgR296_S45_L001_R2_001.fastq.gz	fb7cbc20c706e9cbdeef49b9012f7ad9
PRJNA363037	SAMN06252145	12755_8#5	New Zealand Isolate	WGS	GENOMIC	RANDOM	paired	ILLUMINA	Illumina HiSeq 2500	Library preparation available on request			100	100	fastq	12755_8#5_1.fastq.gz	41c3f7784a4d9c1c521849631d5e0d4b	fastq	12755_8#5_2.fastq.gz	132950087de95077377e29e8f85d282b
PRJNA363037	SAMN06252147	AgR125	New Zealand Isolate	WGS	GENOMIC	RANDOM	paired	ILLUMINA	Illumina MiSeq	Library preparation available on request			300	300	fastq	AgR125_S35_L001_R1_001.fastq.gz	245f63e1470e210ccd360ddeb0d09dd8	fastq	AgR125_S35_L001_R2_001.fastq.gz	90a611fec609f8251b330f64108967e0
PRJNA363037	SAMN06252146	AgR266	New Zealand Isolate	WGS	GENOMIC	RANDOM	paired	ILLUMINA	Illumina MiSeq	Library preparation available on request			300	300	fastq	AgR266_S38_L001_R1_001.fastq.gz	12d1145dda5555e716029dd1e6ae4ec8	fastq	AgR266_S38_L001_R2_001.fastq.gz	177f590bd431383f6df38d375a6fb90e
PRJNA363037	SAMN06252148	12755_8#1	New Zealand Isolate	WGS	GENOMIC	RANDOM	paired	ILLUMINA	Illumina HiSeq 2500	Library preparation available on request			100	100	fastq	12755_8#1_1.fastq.gz	3a8013d7e510b8e8eec692b0da6155c3	fastq	12755_8#1_2.fastq.gz	89660b0f001f9522ecfc1a0ae81363a6
PRJNA363037	SAMN06252149	AgR252	New Zealand Isolate	WGS	GENOMIC	RANDOM	paired	ILLUMINA	Illumina MiSeq	Library preparation available on request			300	300	fastq	AgR252_S19_L001_R1_001.fastq.gz	b525d3727fc1133dc70551e44502cae7	fastq	AgR252_S19_L001_R2_001.fastq.gz	199199fd56f3686ff4a8ece0c630cd1b
PRJNA363037	SAMN06252150	12754_7#58	New Zealand Isolate	WGS	GENOMIC	RANDOM	paired	ILLUMINA	Illumina HiSeq 2500	Library preparation available on request			100	100	fastq	12754_7#58_1.fastq.gz	9b7b2f8126e2aa96d1a353ae8c507639	fastq	12754_7#58_2.fastq.gz	4d1780a70396f0cd6b58b6df9cd8fb5e
PRJNA363037	SAMN06252151	N19	New Zealand Isolate	WGS	GENOMIC	RANDOM	paired	ILLUMINA	Illumina MiSeq	Library preparation available on request			250	250	fastq	N19_S2_L001_R1_001.fastq.gz	77f55e54ae78bef075ddb4d7036c2c33	fastq	N19_S2_L001_R2_001.fastq.gz	b9d5507d53e4b7fac784887daa41a8da
PRJNA363037	SAMN06252152	12754_8#38	New Zealand Isolate	WGS	GENOMIC	RANDOM	paired	ILLUMINA	Illumina HiSeq 2500	Library preparation available on request			100	100	fastq	12754_8#38_1.fastq.gz	c6addd065aed15e99accefec66148653	fastq	12754_8#38_2.fastq.gz	87f5fa34e444f42a966758e67881ac85
PRJNA363037	SAMN06252153	12754_7#54	New Zealand Isolate	WGS	GENOMIC	RANDOM	paired	ILLUMINA	Illumina HiSeq 2500	Library preparation available on request			100	100	fastq	12754_7#54_1.fastq.gz	d3922fdbda07545579d3d263acc562c0	fastq	12754_7#54_2.fastq.gz	eb0395cae5d371cea0e254b85b9b0e22
PRJNA363037	SAMN06252154	AgR280	New Zealand Isolate	WGS	GENOMIC	RANDOM	paired	ILLUMINA	Illumina MiSeq	Library preparation available on request			300	300	fastq	AgR280_S10_L001_R1_001.fastq.gz	23db7f1e826bfdc89621eac4d405d8cd	fastq	AgR280_S10_L001_R2_001.fastq.gz	f01e548f47f489e90fb4f1eb857b528c
PRJNA363037	SAMN06252155	12754_7#82	New Zealand Isolate	WGS	GENOMIC	RANDOM	paired	ILLUMINA	Illumina HiSeq 2500	Library preparation available on request			100	100	fastq	12754_7#82_1.fastq.gz	66cd128af43e71647c0249e5d9041ec7	fastq	12754_7#82_2.fastq.gz	7874fa8cb2638b754856ad26c511383f
PRJNA363037	SAMN06252156	12754_8#11	New Zealand Isolate	WGS	GENOMIC	RANDOM	paired	ILLUMINA	Illumina HiSeq 2500	Library preparation available on request			100	100	fastq	12754_8#11_1.fastq.gz	29e735eb9736811710061267cbb8584f	fastq	12754_8#11_2.fastq.gz	ebc8df82948dc2843b0349e5b4d2c7b7
PRJNA363037	SAMN06252157	12754_7#73	New Zealand Isolate	WGS	GENOMIC	RANDOM	paired	ILLUMINA	Illumina HiSeq 2500	Library preparation available on request			100	100	fastq	12754_7#73_1.fastq.gz	903db789c3b803eedb8997d36db18bf1	fastq	12754_7#73_2.fastq.gz	d77ffe42cddb7c0c80532594a6c1590f
PRJNA363037	SAMN06252158	12754_8#3	New Zealand Isolate	WGS	GENOMIC	RANDOM	paired	ILLUMINA	Illumina HiSeq 2500	Library preparation available on request			100	100	fastq	12754_8#3_1.fastq.gz	ad1dda90726c1bc028274ce04a36b8cf	fastq	12754_8#3_2.fastq.gz	d353e94b739a769ad5e29e7694bee252
PRJNA363037	SAMN06252159	AgR121	New Zealand Isolate	WGS	GENOMIC	RANDOM	paired	ILLUMINA	Illumina MiSeq	Library preparation available on request			300	300	fastq	AgR121_S1_L001_R1_001.fastq.gz	353de7d408ee5600a8afb90383f14882	fastq	AgR121_S1_L001_R2_001.fastq.gz	4638a8d931e3389eab31bcebdac8192f
PRJNA363037	SAMN06252160	12754_7#90	New Zealand Isolate	WGS	GENOMIC	RANDOM	paired	ILLUMINA	Illumina HiSeq 2500	Library preparation available on request			100	100	fastq	12754_7#90_1.fastq.gz	000d9dc3c74dc03d6d9465a52e5f2d28	fastq	12754_7#90_2.fastq.gz	d77323d47a91b8537602de95e0a0ab77
PRJNA363037	SAMN06252161	AgR255	New Zealand Isolate	WGS	GENOMIC	RANDOM	paired	ILLUMINA	Illumina MiSeq	Library preparation available on request			300	300	fastq	AgR255_S37_L001_R1_001.fastq.gz	2a842963aceea9a2f4f44fe1d2dd8190	fastq	AgR255_S37_L001_R2_001.fastq.gz	2dd240475fd7db18fc24dd1f828c3981
PRJNA363037	SAMN06252162	12754_8#19	New Zealand Isolate	WGS	GENOMIC	RANDOM	paired	ILLUMINA	Illumina HiSeq 2500	Library preparation available on request			100	100	fastq	12754_8#19_1.fastq.gz	825bed70463ebb1787547e8317fd3887	fastq	12754_8#19_2.fastq.gz	3d2ba2904fdfbfe3ce62ad50dac78b28
PRJNA363037	SAMN06252163	12754_8#48	New Zealand Isolate	WGS	GENOMIC	RANDOM	paired	ILLUMINA	Illumina HiSeq 2500	Library preparation available on request			100	100	fastq	12754_8#48_1.fastq.gz	303dab1a98f51260a2a716be3a04d0ed	fastq	12754_8#48_2.fastq.gz	a748b18a0057cefc7917eede602282fe
PRJNA363037	SAMN06252164	AgR302	New Zealand Isolate	WGS	GENOMIC	RANDOM	paired	ILLUMINA	Illumina MiSeq	Library preparation available on request			300	300	fastq	AgR302_S27_L001_R1_001.fastq.gz	343c66f409a1d0f3bc2c47da5687e612	fastq	AgR302_S27_L001_R2_001.fastq.gz	116bb3224b5491c732a2efd81689e648
PRJNA363037	SAMN06252165	AgR237	New Zealand Isolate	WGS	GENOMIC	RANDOM	paired	ILLUMINA	Illumina MiSeq	Library preparation available on request			300	300	fastq	AgR237_S3_L001_R1_001.fastq.gz	d806143c3f5b8f4609ed4ce3077ed860	fastq	AgR237_S3_L001_R2_001.fastq.gz	d50cd8db6c0c284ada020177430da4c8
PRJNA363037	SAMN06252166	AgR229	New Zealand Isolate	WGS	GENOMIC	RANDOM	paired	ILLUMINA	Illumina MiSeq	Library preparation available on request			300	300	fastq	AgR229_S16_L001_R1_001.fastq.gz	04a1ff08fc22c31047a8598b5c2d8df6	fastq	AgR229_S16_L001_R2_001.fastq.gz	27a7095983547864bfce2c18241d2edd
PRJNA363037	SAMN06252167	12755_8#6	New Zealand Isolate	WGS	GENOMIC	RANDOM	paired	ILLUMINA	Illumina HiSeq 2500	Library preparation available on request			100	100	fastq	12755_8#6_1.fastq.gz	895bc6daaa0154f0de6a0b7c28092bd9	fastq	12755_8#6_2.fastq.gz	e45bee29c75ca1a38d3a0b8f527ed977
PRJNA363037	SAMN06252168	AgR232	New Zealand Isolate	WGS	GENOMIC	RANDOM	paired	ILLUMINA	Illumina MiSeq	Library preparation available on request			300	300	fastq	AgR232_S22_L001_R1_001.fastq.gz	bc0e3603456bc388f955b2f9819774f0	fastq	AgR232_S22_L001_R2_001.fastq.gz	8c3b8c06177ba1e1dcbe00f05dfb096f
PRJNA363037	SAMN06252169	AgR285	New Zealand Isolate	WGS	GENOMIC	RANDOM	paired	ILLUMINA	Illumina MiSeq	Library preparation available on request			300	300	fastq	AgR285_S37_L001_R1_001.fastq.gz	649250163ff77d1cb45be55304515989	fastq	AgR285_S37_L001_R2_001.fastq.gz	3f79d615712e19b90c5aedb5fcf012bb
PRJNA363037	SAMN06252170	AgR268	New Zealand Isolate	WGS	GENOMIC	RANDOM	paired	ILLUMINA	Illumina MiSeq	Library preparation available on request			300	300	fastq	AgR268_S2_L001_R1_001.fastq.gz	5c9302698afa12c5ab8aedf5674fbb25	fastq	AgR268_S2_L001_R2_001.fastq.gz	843260d2afba40d065c26ad52a5e35a6
PRJNA363037	SAMN06252171	N31	New Zealand Isolate	WGS	GENOMIC	RANDOM	paired	ILLUMINA	Illumina MiSeq	Library preparation available on request			250	250	fastq	N31_S1_L001_R1_001.fastq.gz	0e0000e5b7976a0a579c16f1dce6b63b	fastq	N31_S1_L001_R2_001.fastq.gz	93ad2f6da6509dee53a61b2f897efb67
PRJNA363037	SAMN06252172	12755_8#21	New Zealand Isolate	WGS	GENOMIC	RANDOM	paired	ILLUMINA	Illumina HiSeq 2500	Library preparation available on request			100	100	fastq	12755_8#21_1.fastq.gz	df9f2fd64b7daa61944e2b8d65f6ac5a	fastq	12755_8#21_2.fastq.gz	880ea9f81b17f2aa13113b8e846fc3f4
PRJNA363037	SAMN06252173	12754_7#33	New Zealand Isolate	WGS	GENOMIC	RANDOM	paired	ILLUMINA	Illumina HiSeq 2500	Library preparation available on request			100	100	fastq	12754_7#33_1.fastq.gz	23edcfcd83dc58ffba75feab9ec76cd1	fastq	12754_7#33_2.fastq.gz	85108c29395be58827ff2a2816103b6f
PRJNA363037	SAMN06252174	12754_7#26	New Zealand Isolate	WGS	GENOMIC	RANDOM	paired	ILLUMINA	Illumina HiSeq 2500	Library preparation available on request			100	100	fastq	12754_7#26_1.fastq.gz	091fba089cd63f63affa671304b40617	fastq	12754_7#26_2.fastq.gz	5282538cc63e59ca94a6b204bc78454f
PRJNA363037	SAMN06252175	12754_7#49	New Zealand Isolate	WGS	GENOMIC	RANDOM	paired	ILLUMINA	Illumina HiSeq 2500	Library preparation available on request			100	100	fastq	12754_7#49_1.fastq.gz	378d0353cd443f3fbed727f25a93fe92	fastq	12754_7#49_2.fastq.gz	f9ec3a5296a870dd438319bf0241bcd1
PRJNA363037	SAMN06252176	12754_8#83	New Zealand Isolate	WGS	GENOMIC	RANDOM	paired	ILLUMINA	Illumina HiSeq 2500	Library preparation available on request			100	100	fastq	12754_8#83_1.fastq.gz	8b56ad834cf9be33efc4eb5367f41b03	fastq	12754_8#83_2.fastq.gz	456db6d0c40ca175fa48fe553a7adb4b
PRJNA363037	SAMN06252177	12754_7#77	New Zealand Isolate	WGS	GENOMIC	RANDOM	paired	ILLUMINA	Illumina HiSeq 2500	Library preparation available on request			100	100	fastq	12754_7#77_1.fastq.gz	d7b9a473c903d26eac94c1d61c13b131	fastq	12754_7#77_2.fastq.gz	dba1c790f6c04b1efdfca5e74137e713
PRJNA363037	SAMN06252178	AgR145	New Zealand Isolate	WGS	GENOMIC	RANDOM	paired	ILLUMINA	Illumina MiSeq	Library preparation available on request			300	300	fastq	AgR145_S24_L001_R1_001.fastq.gz	67355198334e6bf4b1563ba5a50c3179	fastq	AgR145_S24_L001_R2_001.fastq.gz	6c54e5db543b77f296bc50ffa1b70075
PRJNA363037	SAMN06252179	12755_8#26	New Zealand Isolate	WGS	GENOMIC	RANDOM	paired	ILLUMINA	Illumina HiSeq 2500	Library preparation available on request			100	100	fastq	12755_8#26_1.fastq.gz	44ea06efda91f5a9d48b8a1893910e8d	fastq	12755_8#26_2.fastq.gz	3b3a3a2446324fdc15aa2fa5e814eeb5
PRJNA363037	SAMN06252180	12755_8#19	New Zealand Isolate	WGS	GENOMIC	RANDOM	paired	ILLUMINA	Illumina HiSeq 2500	Library preparation available on request			100	100	fastq	12755_8#19_1.fastq.gz	d3ea1690a347786fabdb02acaae4a4f2	fastq	12755_8#19_2.fastq.gz	e66443475c49a37d29956728012c8ed2
PRJNA363037	SAMN06252181	12754_8#80	New Zealand Isolate	WGS	GENOMIC	RANDOM	paired	ILLUMINA	Illumina HiSeq 2500	Library preparation available on request			100	100	fastq	12754_8#80_1.fastq.gz	0b96e6e22cabb6caa69ac75f0a041544	fastq	12754_8#80_2.fastq.gz	574dea28424c94cde6d3082c176a353b
PRJNA363037	SAMN06252182	12754_7#84	New Zealand Isolate	WGS	GENOMIC	RANDOM	paired	ILLUMINA	Illumina HiSeq 2500	Library preparation available on request			100	100	fastq	12754_7#84_1.fastq.gz	18cf1605a8e64d2d8f82d38eafd855bd	fastq	12754_7#84_2.fastq.gz	b3aa32894317bdf88e7b1d89b084a7a2
PRJNA363037	SAMN06252183	12754_8#16	New Zealand Isolate	WGS	GENOMIC	RANDOM	paired	ILLUMINA	Illumina HiSeq 2500	Library preparation available on request			100	100	fastq	12754_8#16_1.fastq.gz	7f21c3b5a2da2d320dee14f0de4a7862	fastq	12754_8#16_2.fastq.gz	06fdb0cef389de8690b1617940032b7b
PRJNA363037	SAMN06252184	12754_7#3	New Zealand Isolate	WGS	GENOMIC	RANDOM	paired	ILLUMINA	Illumina HiSeq 2500	Library preparation available on request			100	100	fastq	12754_7#3_1.fastq.gz	dc366f324397d1edb8cde5f8d502b744	fastq	12754_7#3_2.fastq.gz	e9a7051d248fd0b9065e05416d871289
PRJNA363037	SAMN06252185	12754_7#38	New Zealand Isolate	WGS	GENOMIC	RANDOM	paired	ILLUMINA	Illumina HiSeq 2500	Library preparation available on request			100	100	fastq	12754_7#38_1.fastq.gz	869a431ef885db6e0d283a1296e1739d	fastq	12754_7#38_2.fastq.gz	f18a2a7fd69b11b1e04d20ff93bf4301
PRJNA363037	SAMN06252186	12754_7#64	New Zealand Isolate	WGS	GENOMIC	RANDOM	paired	ILLUMINA	Illumina HiSeq 2500	Library preparation available on request			100	100	fastq	12754_7#64_1.fastq.gz	90f72c8025ea1574ff19ca23e4153026	fastq	12754_7#64_2.fastq.gz	3cc8c40ffa2d18f3c099d0db8ce8a730
PRJNA363037	SAMN06252187	AgR317	New Zealand Isolate	WGS	GENOMIC	RANDOM	paired	ILLUMINA	Illumina MiSeq	Library preparation available on request			300	300	fastq	AgR317_S28_L001_R1_001.fastq.gz	39f21454683b4f4d3890a64c87477410	fastq	AgR317_S28_L001_R2_001.fastq.gz	257f4dcbc59f9fce670b6728c2164c36
PRJNA363037	SAMN06252188	12754_8#56	New Zealand Isolate	WGS	GENOMIC	RANDOM	paired	ILLUMINA	Illumina HiSeq 2500	Library preparation available on request			100	100	fastq	12754_8#56_1.fastq.gz	bd1a8fb6dd5601919345ba76f07630f4	fastq	12754_8#56_2.fastq.gz	83ed9570a7bacb94b2773d49738d816c
PRJNA363037	SAMN06252189	AgR259	New Zealand Isolate	WGS	GENOMIC	RANDOM	paired	ILLUMINA	Illumina MiSeq	Library preparation available on request			300	300	fastq	AgR259_S43_L001_R1_001.fastq.gz	11bf6db3f6194dec71a51ef7d9686d75	fastq	AgR259_S43_L001_R2_001.fastq.gz	07e2e3a07edc218e4fbccde58f59e74e
PRJNA363037	SAMN06252190	12754_7#40	New Zealand Isolate	WGS	GENOMIC	RANDOM	paired	ILLUMINA	Illumina HiSeq 2500	Library preparation available on request			100	100	fastq	12754_7#40_1.fastq.gz	d57aa36b0f6a3d9e6f4c2e95ec41eb7e	fastq	12754_7#40_2.fastq.gz	8d38bc0a42cc161c96dc8f977d61f705
PRJNA363037	SAMN06252191	12754_8#24	New Zealand Isolate	WGS	GENOMIC	RANDOM	paired	ILLUMINA	Illumina HiSeq 2500	Library preparation available on request			100	100	fastq	12754_8#24_2.fastq.gz	b3b721c03e35361c7439155454e4a806	fastq	12754_8#24_1.fastq.gz	e8abe44155c35a339983167a686b7c5e
PRJNA363037	SAMN06252192	AgR245	New Zealand Isolate	WGS	GENOMIC	RANDOM	paired	ILLUMINA	Illumina MiSeq	Library preparation available on request			300	300	fastq	AgR245_S33_L001_R1_001.fastq.gz	2d4f3dcaee5066a7c2ff89eb4257203f	fastq	AgR245_S33_L001_R2_001.fastq.gz	bc662e57b9b4ec57ed7285e2014610e8
PRJNA363037	SAMN06252193	AgR283	New Zealand Isolate	WGS	GENOMIC	RANDOM	paired	ILLUMINA	Illumina MiSeq	Library preparation available on request			300	300	fastq	AgR283_S25_L001_R1_001.fastq.gz	387a2736e3092df6eacba50904aaee1b	fastq	AgR283_S25_L001_R2_001.fastq.gz	e59c08d1d0ed9fa86be643216bca0e1d
PRJNA363037	SAMN06252194	AgR271	New Zealand Isolate	WGS	GENOMIC	RANDOM	paired	ILLUMINA	Illumina MiSeq	Library preparation available on request			300	300	fastq	AgR271_S19_L001_R1_001.fastq.gz	0699e4a0a914fbbeb40cdad8af682f59	fastq	AgR271_S19_L001_R2_001.fastq.gz	f2c9a20bef553f1f83273e327cb8ad06
PRJNA363037	SAMN06252195	12755_8#15	New Zealand Isolate	WGS	GENOMIC	RANDOM	paired	ILLUMINA	Illumina HiSeq 2500	Library preparation available on request			100	100	fastq	12755_8#15_1.fastq.gz	62a39691baf624bee2a9a1035697d8cf	fastq	12755_8#15_2.fastq.gz	aa186a8c629d635f840903649af0bc34
PRJNA363037	SAMN06252196	AgR284	New Zealand Isolate	WGS	GENOMIC	RANDOM	paired	ILLUMINA	Illumina MiSeq	Library preparation available on request			300	300	fastq	AgR284_S31_L001_R1_001.fastq.gz	fbf7f554c39b9addfc51eb543bbc9de8	fastq	AgR284_S31_L001_R2_001.fastq.gz	defbf0c6d9a7f0444f6dd2119f42ccd6
PRJNA363037	SAMN06252197	AgR263	New Zealand Isolate	WGS	GENOMIC	RANDOM	paired	ILLUMINA	Illumina MiSeq	Library preparation available on request			300	300	fastq	AgR263_S20_L001_R1_001.fastq.gz	ade8b44bbd7421ea96101c6a2f02df07	fastq	AgR263_S20_L001_R2_001.fastq.gz	331d438ee96b66916ab03cc4f25e5dc8
PRJNA363037	SAMN06252198	AgR295	New Zealand Isolate	WGS	GENOMIC	RANDOM	paired	ILLUMINA	Illumina MiSeq	Library preparation available on request			300	300	fastq	AgR295_S38_L001_R1_001.fastq.gz	b6b0b0710ae693f60ceadfc387b96595	fastq	AgR295_S38_L001_R2_001.fastq.gz	0e35ec307c4696449506055d9bbb0b3f
PRJNA363037	SAMN06252199	AgR126	New Zealand Isolate	WGS	GENOMIC	RANDOM	paired	ILLUMINA	Illumina MiSeq	Library preparation available on request			300	300	fastq	AgR126_S29_L001_R1_001.fastq.gz	c1c0e7c1b800d47af01877069fa54002	fastq	AgR126_S29_L001_R2_001.fastq.gz	57d3a724cc3df73681c807d683688037
PRJNA363037	SAMN06252200	N52	New Zealand Isolate	WGS	GENOMIC	RANDOM	paired	ILLUMINA	Illumina MiSeq	Library preparation available on request			250	250	fastq	N52_S7_L001_R1_001.fastq.gz	2707d6b7bfc756b1c82585c04d80eb54	fastq	N52_S7_L001_R2_001.fastq.gz	b88cb4458b5d17eb53fb9d4fe8055b52
PRJNA363037	SAMN06252201	12754_7#10	New Zealand Isolate	WGS	GENOMIC	RANDOM	paired	ILLUMINA	Illumina HiSeq 2500	Library preparation available on request			100	100	fastq	12754_7#10_1.fastq.gz	d2309dd49971845889c747937e07312d	fastq	12754_7#10_2.fastq.gz	85247e62ae88e5f3df9168d640c3e204
PRJNA363037	SAMN06252202	12755_8#28	New Zealand Isolate	WGS	GENOMIC	RANDOM	paired	ILLUMINA	Illumina HiSeq 2500	Library preparation available on request			100	100	fastq	12755_8#28_1.fastq.gz	9e3c9c1d2c53c936e0a03f6aa10d79c3	fastq	12755_8#28_2.fastq.gz	13ae3370c745225c18135e2b6ccde713
PRJNA363037	SAMN06252203	12755_8#22	New Zealand Isolate	WGS	GENOMIC	RANDOM	paired	ILLUMINA	Illumina HiSeq 2500	Library preparation available on request			100	100	fastq	12755_8#22_1.fastq.gz	a18ed33cf6a3c225d0a8c7ba918ddd5b	fastq	12755_8#22_2.fastq.gz	f1b36e866d46c07fa548741bb4149dad
PRJNA363037	SAMN06252204	12754_8#74	New Zealand Isolate	WGS	GENOMIC	RANDOM	paired	ILLUMINA	Illumina HiSeq 2500	Library preparation available on request			100	100	fastq	12754_8#74_2.fastq.gz	3e2d846da5a1db6c09261f648241b315	fastq	12754_8#74_1.fastq.gz	48e30f4852fccef209829664a92a71fb
PRJNA363037	SAMN06252205	12754_7#34	New Zealand Isolate	WGS	GENOMIC	RANDOM	paired	ILLUMINA	Illumina HiSeq 2500	Library preparation available on request			100	100	fastq	12754_7#34_1.fastq.gz	79ac9a3dcc37f3e6d511cb5ed91c87b2	fastq	12754_7#34_2.fastq.gz	5b88491d9de6ff5a6c3aeb4c64ddda9d
PRJNA363037	SAMN06252206	AgR228	New Zealand Isolate	WGS	GENOMIC	RANDOM	paired	ILLUMINA	Illumina MiSeq	Library preparation available on request			300	300	fastq	AgR228_S10_L001_R1_001.fastq.gz	29b409d99bf55da252e51bd461b77785	fastq	AgR228_S10_L001_R2_001.fastq.gz	49674c0cb11dfd82f3e47ebf645caad7
PRJNA363037	SAMN06252207	12754_8#41	New Zealand Isolate	WGS	GENOMIC	RANDOM	paired	ILLUMINA	Illumina HiSeq 2500	Library preparation available on request			100	100	fastq	12754_8#41_1.fastq.gz	e288ad87f18f7e816e00751ce0f96d9f	fastq	12754_8#41_2.fastq.gz	4276c1b83d5238d1015ab745b15aada3
PRJNA363037	SAMN06252208	AgR291	New Zealand Isolate	WGS	GENOMIC	RANDOM	paired	ILLUMINA	Illumina MiSeq	Library preparation available on request			300	300	fastq	AgR291_S21_L001_R1_001.fastq.gz	6ed003248394391e8b1563d3661874b8	fastq	AgR291_S21_L001_R2_001.fastq.gz	d137f7364a0490a293e262691e4a2c60
PRJNA363037	SAMN06252209	AgR233	New Zealand Isolate	WGS	GENOMIC	RANDOM	paired	ILLUMINA	Illumina MiSeq	Library preparation available on request			300	300	fastq	AgR233_S28_L001_R1_001.fastq.gz	dbc92f5baff0feee24a98b754ee832e9	fastq	AgR233_S28_L001_R2_001.fastq.gz	61896d2a696c97d955e0cf6d7881c265
PRJNA363037	SAMN06252211	AgR251	New Zealand Isolate	WGS	GENOMIC	RANDOM	paired	ILLUMINA	Illumina MiSeq	Library preparation available on request			300	300	fastq	AgR251_S13_L001_R1_001.fastq.gz	cff93e56f7d6efd3f79db5db9764101f	fastq	AgR251_S13_L001_R2_001.fastq.gz	1a51736069c3416dc40dae2cdeaeda54
PRJNA363037	SAMN06252210	12754_7#78	New Zealand Isolate	WGS	GENOMIC	RANDOM	paired	ILLUMINA	Illumina HiSeq 2500	Library preparation available on request			100	100	fastq	12754_7#78_1.fastq.gz	bb196d59303086edd4bbf7c413d0c57c	fastq	12754_7#78_2.fastq.gz	29a5629f3ddf904efa666ad32ed47837
PRJNA363037	SAMN06252212	12754_7#87	New Zealand Isolate	WGS	GENOMIC	RANDOM	paired	ILLUMINA	Illumina HiSeq 2500	Library preparation available on request			100	100	fastq	12754_7#87_1.fastq.gz	09a5ae1cd67f573e52ed7c7c74b1cfea	fastq	12754_7#87_2.fastq.gz	58687cafd40c1e745d5399ea2702365f
PRJNA363037	SAMN06252213	12754_7#8	New Zealand Isolate	WGS	GENOMIC	RANDOM	paired	ILLUMINA	Illumina HiSeq 2500	Library preparation available on request			100	100	fastq	12754_7#8_1.fastq.gz	e64d029c67ed51ba6855989157af3cf2	fastq	12754_7#8_2.fastq.gz	843afcce96ee1d1a40c2ae15275cbacc
PRJNA363037	SAMN06252214	12754_8#29	New Zealand Isolate	WGS	GENOMIC	RANDOM	paired	ILLUMINA	Illumina HiSeq 2500	Library preparation available on request			100	100	fastq	12754_8#29_1.fastq.gz	adec204da24ef558e58ba275c8a8900d	fastq	12754_8#29_2.fastq.gz	b1867a44ddd23f349afdbc47a43611b3
PRJNA363037	SAMN06252215	12755_8#13	New Zealand Isolate	WGS	GENOMIC	RANDOM	paired	ILLUMINA	Illumina HiSeq 2500	Library preparation available on request			100	100	fastq	12755_8#13_1.fastq.gz	f0e9d7b6dedc632756484b905857a58a	fastq	12755_8#13_2.fastq.gz	1b9d44a1c9887ef0e8932eccfe15aa3a
PRJNA363037	SAMN06252216	12754_8#6	New Zealand Isolate	WGS	GENOMIC	RANDOM	paired	ILLUMINA	Illumina HiSeq 2500	Library preparation available on request			100	100	fastq	12754_8#6_1.fastq.gz	ad6880a2cb4c766f6a6a3d6abc2d109c	fastq	12754_8#6_2.fastq.gz	169f6072d3c3a2f968a4b8d460981212
PRJNA363037	SAMN06252217	12754_8#32	New Zealand Isolate	WGS	GENOMIC	RANDOM	paired	ILLUMINA	Illumina HiSeq 2500	Library preparation available on request			100	100	fastq	12754_8#32_1.fastq.gz	37c99ebac1e4f859e864a1bec966feaa	fastq	12754_8#32_2.fastq.gz	d25d7d7d7dec096634c77bb8be3330aa
PRJNA363037	SAMN06252219	12754_8#15	New Zealand Isolate	WGS	GENOMIC	RANDOM	paired	ILLUMINA	Illumina HiSeq 2500	Library preparation available on request			100	100	fastq	12754_8#15_1.fastq.gz	fc17b3a876f6fc574d5203647bb6f527	fastq	12754_8#15_2.fastq.gz	aa4be02012030f8a3078e6f114c7f06d
PRJNA363037	SAMN06252218	12754_8#5	New Zealand Isolate	WGS	GENOMIC	RANDOM	paired	ILLUMINA	Illumina HiSeq 2500	Library preparation available on request			100	100	fastq	12754_8#5_1.fastq.gz	c4eebe025a51fbc4d202880df764cb7c	fastq	12754_8#5_2.fastq.gz	148ea257257eea7b4d1ba44c7ea95f1b
PRJNA363037	SAMN06252220	12754_7#22	New Zealand Isolate	WGS	GENOMIC	RANDOM	paired	ILLUMINA	Illumina HiSeq 2500	Library preparation available on request			100	100	fastq	12754_7#22_1.fastq.gz	ee63b4fd263ae7a719d81512580f4345	fastq	12754_7#22_2.fastq.gz	c60c12afbb1f01e3814e942308d31113
PRJNA363037	SAMN06252221	12754_7#31	New Zealand Isolate	WGS	GENOMIC	RANDOM	paired	ILLUMINA	Illumina HiSeq 2500	Library preparation available on request			100	100	fastq	12754_7#31_1.fastq.gz	4bc3babadfade864a8c23e583342f931	fastq	12754_7#31_2.fastq.gz	5e96fa58e327fa151f102e1068526e00
PRJNA363037	SAMN06252223	12754_8#52	New Zealand Isolate	WGS	GENOMIC	RANDOM	paired	ILLUMINA	Illumina HiSeq 2500	Library preparation available on request			100	100	fastq	12754_8#52_1.fastq.gz	e915285aeff8e76fb5a1889c451a24b5	fastq	12754_8#52_2.fastq.gz	f181d0b448598364de4b91f43c38bed5
PRJNA363037	SAMN06252222	AgR249	New Zealand Isolate	WGS	GENOMIC	RANDOM	paired	ILLUMINA	Illumina MiSeq	Library preparation available on request			300	300	fastq	AgR249_S1_L001_R1_001.fastq.gz	96f2ccf3fca28c43f75d6917c616c1e1	fastq	AgR249_S1_L001_R2_001.fastq.gz	4cf26b3d31fb9c89246b61f15804367f
PRJNA363037	SAMN06252226	12754_8#20	New Zealand Isolate	WGS	GENOMIC	RANDOM	paired	ILLUMINA	Illumina HiSeq 2500	Library preparation available on request			100	100	fastq	12754_8#20_1.fastq.gz	8cba427dea1a456ed92c140d39dbfc85	fastq	12754_8#20_2.fastq.gz	f3e75903f4b87b674cfe7cc3c52a8e64
PRJNA363037	SAMN06252225	12754_7#70	New Zealand Isolate	WGS	GENOMIC	RANDOM	paired	ILLUMINA	Illumina HiSeq 2500	Library preparation available on request			100	100	fastq	12754_7#70_1.fastq.gz	ec9898997ce69354a0116b30be7c8474	fastq	12754_7#70_2.fastq.gz	3c7ca299dab30a6487d3521b435c14da
PRJNA363037	SAMN06252224	12754_7#61	New Zealand Isolate	WGS	GENOMIC	RANDOM	paired	ILLUMINA	Illumina HiSeq 2500	Library preparation available on request			100	100	fastq	12754_7#61_1.fastq.gz	2708db7ff9a92cf410a07c8f6e8628d5	fastq	12754_7#61_2.fastq.gz	fefd86fdfae3b57e0cf77755b4d254df
PRJNA363037	SAMN06252227	12754_7#13	New Zealand Isolate	WGS	GENOMIC	RANDOM	paired	ILLUMINA	Illumina HiSeq 2500	Library preparation available on request			100	100	fastq	12754_7#13_1.fastq.gz	ba178966d4197700d54ccb42e2eb61a5	fastq	12754_7#13_2.fastq.gz	a1413b5b12519ff17af2e624e872f14d
PRJNA363037	SAMN06252228	12754_7#16	New Zealand Isolate	WGS	GENOMIC	RANDOM	paired	ILLUMINA	Illumina HiSeq 2500	Library preparation available on request			100	100	fastq	12754_7#16_1.fastq.gz	845a2765eee0f7124cd9bfdf8f61c2b1	fastq	12754_7#16_2.fastq.gz	2a01068b2596859cdd3b3cf8c58a99a3
PRJNA363037	SAMN06252229	12754_8#86	New Zealand Isolate	WGS	GENOMIC	RANDOM	paired	ILLUMINA	Illumina HiSeq 2500	Library preparation available on request			100	100	fastq	12754_8#86_1.fastq.gz	3f57135659cb335b75cf4dd1e0dd0a28	fastq	12754_8#86_2.fastq.gz	2c7a99a9bfc4443070f188b1ad8de21f
PRJNA363037	SAMN06252230	12754_8#94	New Zealand Isolate	WGS	GENOMIC	RANDOM	paired	ILLUMINA	Illumina HiSeq 2500	Library preparation available on request			100	100	fastq	12754_8#94_1.fastq.gz	e403695f4b93c5ced18cd22cf673f2c7	fastq	12754_8#94_2.fastq.gz	02d992d0430b4bcd077b86637088d067
PRJNA363037	SAMN06252231	12754_7#92	New Zealand Isolate	WGS	GENOMIC	RANDOM	paired	ILLUMINA	Illumina HiSeq 2500	Library preparation available on request			100	100	fastq	12754_7#92_1.fastq.gz	589bfb61595c3c14daae38504dac8e7b	fastq	12754_7#92_2.fastq.gz	8788d8fa0d115983ec4c3a5933e7c5b3
PRJNA363037	SAMN06252232	12755_8#25	New Zealand Isolate	WGS	GENOMIC	RANDOM	paired	ILLUMINA	Illumina HiSeq 2500	Library preparation available on request			100	100	fastq	12755_8#25_1.fastq.gz	df07efe2fb0b2fd080c2308c96739e24	fastq	12755_8#25_2.fastq.gz	a8b30f2c49a6a5f967db6469cf19356b
PRJNA363037	SAMN06252233	12754_8#73	New Zealand Isolate	WGS	GENOMIC	RANDOM	paired	ILLUMINA	Illumina HiSeq 2500	Library preparation available on request			100	100	fastq	12754_8#73_1.fastq.gz	8bf66a7ca1ad5e535176f7ac8cfa8308	fastq	12754_8#73_2.fastq.gz	07f2e429633d284e7e4e16c4d6937331
PRJNA363037	SAMN06252234	AgR305	New Zealand Isolate	WGS	GENOMIC	RANDOM	paired	ILLUMINA	Illumina MiSeq	Library preparation available on request			300	300	fastq	AgR305_S34_L001_R1_001.fastq.gz	2d0407804d160dae2034e9fafce247d1	fastq	AgR305_S34_L001_R2_001.fastq.gz	7c6c9ce8008c97dabd9e26155cbbd38f
PRJNA363037	SAMN06252235	12754_8#18	New Zealand Isolate	WGS	GENOMIC	RANDOM	paired	ILLUMINA	Illumina HiSeq 2500	Library preparation available on request			100	100	fastq	12754_8#18_1.fastq.gz	315ded1f8dcfee4071ff74b9c477b000	fastq	12754_8#18_2.fastq.gz	43bac01f05be85e3e7c570ec46dd9fd7
PRJNA363037	SAMN06252236	12754_7#14	New Zealand Isolate	WGS	GENOMIC	RANDOM	paired	ILLUMINA	Illumina HiSeq 2500	Library preparation available on request			100	100	fastq	12754_7#14_1.fastq.gz	3c0c825e41f616fa0a09ea5f99d05361	fastq	12754_7#14_2.fastq.gz	05821d9ecde1cd9cab47fa02b435cbbf
PRJNA363037	SAMN06252237	12754_7#91	New Zealand Isolate	WGS	GENOMIC	RANDOM	paired	ILLUMINA	Illumina HiSeq 2500	Library preparation available on request			100	100	fastq	12754_7#91_1.fastq.gz	3c14e047176cacb8d8a28bda509e787c	fastq	12754_7#91_2.fastq.gz	ef885c1a874a0c4f27c14ae36ec8467d
PRJNA363037	SAMN06252238	12755_8#12	New Zealand Isolate	WGS	GENOMIC	RANDOM	paired	ILLUMINA	Illumina HiSeq 2500	Library preparation available on request			100	100	fastq	12755_8#12_1.fastq.gz	9ea6843f26c4e682114b896b60e2b590	fastq	12755_8#12_2.fastq.gz	a49fa6c96ada3cda3a37edccce23b4c1
PRJNA363037	SAMN06252239	12754_8#47	New Zealand Isolate	WGS	GENOMIC	RANDOM	paired	ILLUMINA	Illumina HiSeq 2500	Library preparation available on request			100	100	fastq	12754_8#47_1.fastq.gz	277fead8487ffa15a040dd79f6dc6792	fastq	12754_8#47_2.fastq.gz	81fc034f6e56ce2e17b662aa8d6c26ba
PRJNA363037	SAMN06252240	12755_8#7	New Zealand Isolate	WGS	GENOMIC	RANDOM	paired	ILLUMINA	Illumina HiSeq 2500	Library preparation available on request			100	100	fastq	12755_8#7_1.fastq.gz	a4d3fa1ea5fc3f8ba17e12d84b19cd34	fastq	12755_8#7_2.fastq.gz	840725c3bd8c6ebbcc71f001f645a51a
PRJNA363037	SAMN06252241	12754_8#2	New Zealand Isolate	WGS	GENOMIC	RANDOM	paired	ILLUMINA	Illumina HiSeq 2500	Library preparation available on request			100	100	fastq	12754_8#2_1.fastq.gz	f4573566ad423603f2a6dbeebbc4f2c8	fastq	12754_8#2_2.fastq.gz	650a95ac1c1a819d251b4205bab2bd51
PRJNA363037	SAMN06252242	12754_8#69	New Zealand Isolate	WGS	GENOMIC	RANDOM	paired	ILLUMINA	Illumina HiSeq 2500	Library preparation available on request			100	100	fastq	12754_8#69_1.fastq.gz	0e7e2c9f78ee65e6524d7fb319943ef5	fastq	12754_8#69_2.fastq.gz	7fd1b0407afbd07e072870ade62a7ae9
PRJNA363037	SAMN06252243	AgR269	New Zealand Isolate	WGS	GENOMIC	RANDOM	paired	ILLUMINA	Illumina MiSeq	Library preparation available on request			300	300	fastq	AgR269_S9_L001_R1_001.fastq.gz	f7dd732ddd2e9938e336f993a9cb2fe6	fastq	AgR269_S9_L001_R2_001.fastq.gz	b7e5623fdd1a16abd634dd5b98d84063
PRJNA363037	SAMN06252244	AgR250	New Zealand Isolate	WGS	GENOMIC	RANDOM	paired	ILLUMINA	Illumina MiSeq	Library preparation available on request			300	300	fastq	AgR250_S7_L001_R1_001.fastq.gz	02c06a5f5f031f0018e8c0aa745fc226	fastq	AgR250_S7_L001_R2_001.fastq.gz	947153fe4c764409e6d753ce5251bbee
PRJNA363037	SAMN06252245	12754_7#45	New Zealand Isolate	WGS	GENOMIC	RANDOM	paired	ILLUMINA	Illumina HiSeq 2500	Library preparation available on request			100	100	fastq	12754_7#45_1.fastq.gz	5de5f8220ad8538b5c3fc8485a8931d5	fastq	12754_7#45_2.fastq.gz	b2d7b3c2b60c9b6315fa6d2713bf095c
PRJNA363037	SAMN06252246	12754_8#82	New Zealand Isolate	WGS	GENOMIC	RANDOM	paired	ILLUMINA	Illumina HiSeq 2500	Library preparation available on request			100	100	fastq	12754_8#82_1.fastq.gz	7db2d1acaae761c8ff1adbec659b65ac	fastq	12754_8#82_2.fastq.gz	8558fa38e3f1bc4d0cfbece145c820e3
PRJNA363037	SAMN06252247	AgR222	New Zealand Isolate	WGS	GENOMIC	RANDOM	paired	ILLUMINA	Illumina MiSeq	Library preparation available on request			300	300	fastq	AgR222_S41_L001_R1_001.fastq.gz	e4eb0aeca9688fc99e4dcb08e2816333	fastq	AgR222_S41_L001_R2_001.fastq.gz	4dd01ea99b905262000a3d1bc46604c4
PRJNA363037	SAMN06252248	12754_7#4	New Zealand Isolate	WGS	GENOMIC	RANDOM	paired	ILLUMINA	Illumina HiSeq 2500	Library preparation available on request			100	100	fastq	12754_7#4_1.fastq.gz	87263a7a16e0e4031a44378d915784ff	fastq	12754_7#4_2.fastq.gz	4056856e9f6b54f0ed078ed0d9c68a7d
PRJNA363037	SAMN06252249	12754_8#36	New Zealand Isolate	WGS	GENOMIC	RANDOM	paired	ILLUMINA	Illumina HiSeq 2500	Library preparation available on request			100	100	fastq	12754_8#36_1.fastq.gz	a13c0f5dd0d807bc31637a9262e65eec	fastq	12754_8#36_2.fastq.gz	a8724190a05996fa38d59d6f722579d5
PRJNA363037	SAMN06252250	AgR238	New Zealand Isolate	WGS	GENOMIC	RANDOM	paired	ILLUMINA	Illumina MiSeq	Library preparation available on request			300	300	fastq	AgR238_S9_L001_R1_001.fastq.gz	f35c4991f5f93b21bc2b0931278f6e06	fastq	AgR238_S9_L001_R2_001.fastq.gz	353aafe3a844f0281d99460cc719ddc1
PRJNA363037	SAMN06252251	AgR254	New Zealand Isolate	WGS	GENOMIC	RANDOM	paired	ILLUMINA	Illumina MiSeq	Library preparation available on request			300	300	fastq	AgR254_S31_L001_R1_001.fastq.gz	9c7f875626abd38c961b29143307e65f	fastq	AgR254_S31_L001_R2_001.fastq.gz	a7c8b818ef321b3b14ef1cacb730b8ec
PRJNA363037	SAMN06252252	12754_8#62	New Zealand Isolate	WGS	GENOMIC	RANDOM	paired	ILLUMINA	Illumina HiSeq 2500	Library preparation available on request			100	100	fastq	12754_8#62_1.fastq.gz	99f6afff24176b988b3be3d7428854de	fastq	12754_8#62_2.fastq.gz	14f6522374df0023422c2df7237a19be
PRJNA363037	SAMN06252253	AgR275	New Zealand Isolate	WGS	GENOMIC	RANDOM	paired	ILLUMINA	Illumina MiSeq	Library preparation available on request			300	300	fastq	AgR275_S43_L001_R1_001.fastq.gz	7d06db740791d6d7e09ebda6b52dc71a	fastq	AgR275_S43_L001_R2_001.fastq.gz	a653da4bf9c560e9c08b28db7cbce4dc
PRJNA363037	SAMN06252254	12755_8#3	New Zealand Isolate	WGS	GENOMIC	RANDOM	paired	ILLUMINA	Illumina HiSeq 2500	Library preparation available on request			100	100	fastq	12755_8#3_1.fastq.gz	c9f2df1f97d40413f2b55a55905a8cc9	fastq	12755_8#3_2.fastq.gz	9e42b6ed6d8321dbfe9d63c2d835b6fd
PRJNA363037	SAMN06252255	12754_8#65	New Zealand Isolate	WGS	GENOMIC	RANDOM	paired	ILLUMINA	Illumina HiSeq 2500	Library preparation available on request			100	100	fastq	12754_8#65_1.fastq.gz	2d2c6cc1a65a5c600f1126007a74ecc2	fastq	12754_8#65_2.fastq.gz	adb443d38e4b15572524ebbc638d80c6
PRJNA363037	SAMN06252256	N28	New Zealand Isolate	WGS	GENOMIC	RANDOM	paired	ILLUMINA	Illumina MiSeq	Library preparation available on request			250	250	fastq	N28_S9_L001_R1_001.fastq.gz	df63dcc4575a6a54e75abb859fca1d42	fastq	N28_S9_L001_R2_001.fastq.gz	d60a7d9e947f777ed7d4f7a70b9d6bf9
PRJNA363037	SAMN06252257	12754_7#72	New Zealand Isolate	WGS	GENOMIC	RANDOM	paired	ILLUMINA	Illumina HiSeq 2500	Library preparation available on request			100	100	fastq	12754_7#72_1.fastq.gz	65dc5431e7434c57f13c354cab0f57ae	fastq	12754_7#72_2.fastq.gz	1dbdcd16e82030f52b7e99f30241bbac
PRJNA363037	SAMN06252258	12754_8#57	New Zealand Isolate	WGS	GENOMIC	RANDOM	paired	ILLUMINA	Illumina HiSeq 2500	Library preparation available on request			100	100	fastq	12754_8#57_1.fastq.gz	fa3754cc6c1e7fa358cb45f24017975b	fastq	12754_8#57_2.fastq.gz	96add475065be4a46f128656c828ee9f
PRJNA363037	SAMN06252259	12755_8#18	New Zealand Isolate	WGS	GENOMIC	RANDOM	paired	ILLUMINA	Illumina HiSeq 2500	Library preparation available on request			100	100	fastq	12755_8#18_1.fastq.gz	8789de74c24207b48cebc6cb859321a3	fastq	12755_8#18_2.fastq.gz	5404d8522d11c4bd7de88e92508d3e0f
PRJNA363037	SAMN06252260	AgR225	New Zealand Isolate	WGS	GENOMIC	RANDOM	paired	ILLUMINA	Illumina MiSeq	Library preparation available on request			300	300	fastq	AgR225_S46_L001_R1_001.fastq.gz	cd0ed2c28a6c356c74c4cebf01dbeded	fastq	AgR225_S46_L001_R2_001.fastq.gz	cfb00477b86edc655084105bed77dfd7
PRJNA363037	SAMN06252261	12754_7#41	New Zealand Isolate	WGS	GENOMIC	RANDOM	paired	ILLUMINA	Illumina HiSeq 2500	Library preparation available on request			100	100	fastq	12754_7#41_1.fastq.gz	b1d62d980a9b3e88cc4a5d99eb10c0f5	fastq	12754_7#41_2.fastq.gz	da70d75cd367ce4a6a64e0ddf0f3708c
PRJNA363037	SAMN06252262	AgR274	New Zealand Isolate	WGS	GENOMIC	RANDOM	paired	ILLUMINA	Illumina MiSeq	Library preparation available on request			300	300	fastq	AgR274_S36_L001_R1_001.fastq.gz	b44b7eb5d2db1c336a76e86fa8b68cf1	fastq	AgR274_S36_L001_R2_001.fastq.gz	9770cf9f72bd122155d91b304aadf8ad
PRJNA363037	SAMN06252263	AgR281	New Zealand Isolate	WGS	GENOMIC	RANDOM	paired	ILLUMINA	Illumina MiSeq	Library preparation available on request			300	300	fastq	AgR281_S15_L001_R1_001.fastq.gz	4997d3bbe90deafc4bc2d437cfbfa344	fastq	AgR281_S15_L001_R2_001.fastq.gz	be35311014b7fa1cae0ea3acba628798
PRJNA363037	SAMN06252264	12754_7#56	New Zealand Isolate	WGS	GENOMIC	RANDOM	paired	ILLUMINA	Illumina HiSeq 2500	Library preparation available on request			100	100	fastq	12754_7#56_1.fastq.gz	97ae3bd52b25fe4329b12bf4ada929c4	fastq	12754_7#56_2.fastq.gz	6596b9d63215d7c6d88afab21f1688f6
PRJNA363037	SAMN06252265	12754_8#59	New Zealand Isolate	WGS	GENOMIC	RANDOM	paired	ILLUMINA	Illumina HiSeq 2500	Library preparation available on request			100	100	fastq	12754_8#59_1.fastq.gz	dfccc782cbb2426aa66d5888692c2736	fastq	12754_8#59_2.fastq.gz	a834c45677683ca9665000d1a2b8347a
PRJNA363037	SAMN06252266	N29	New Zealand Isolate	WGS	GENOMIC	RANDOM	paired	ILLUMINA	Illumina MiSeq	Library preparation available on request			250	250	fastq	N29_S10_L001_R1_001.fastq.gz	2d5e8ee63d18efce87306a046c23c586	fastq	N29_S10_L001_R2_001.fastq.gz	02a61dfb004c1d773f7db6b11b9f1151
PRJNA363037	SAMN06252267	12754_7#85	New Zealand Isolate	WGS	GENOMIC	RANDOM	paired	ILLUMINA	Illumina HiSeq 2500	Library preparation available on request			100	100	fastq	12754_7#85_1.fastq.gz	c71d69a0dfb3f8b9470df5bee8b48ba1	fastq	12754_7#85_2.fastq.gz	8d595a5783b7e624072f5b97387be85e
PRJNA363037	SAMN06252268	12754_7#63	New Zealand Isolate	WGS	GENOMIC	RANDOM	paired	ILLUMINA	Illumina HiSeq 2500	Library preparation available on request			100	100	fastq	12754_7#63_1.fastq.gz	fc5ff2ae2913a8bb672fe8cc3a41d955	fastq	12754_7#63_2.fastq.gz	680458edc3bf16d77e9becb9b84b43d8
PRJNA363037	SAMN06252269	12754_8#26	New Zealand Isolate	WGS	GENOMIC	RANDOM	paired	ILLUMINA	Illumina HiSeq 2500	Library preparation available on request			100	100	fastq	12754_8#26_1.fastq.gz	54adb9f6c700d2a365621c9228fe51a1	fastq	12754_8#26_2.fastq.gz	f4df7c618f591aff486558bbc923b773
PRJNA363037	SAMN06252270	12754_7#50	New Zealand Isolate	WGS	GENOMIC	RANDOM	paired	ILLUMINA	Illumina HiSeq 2500	Library preparation available on request			100	100	fastq	12754_7#50_1.fastq.gz	48042d0f5616998bdc6efd53923d5ce3	fastq	12754_7#50_2.fastq.gz	c3fd5343a08638ca21a56ae55469cad2
PRJNA363037	SAMN06252271	12754_7#57	New Zealand Isolate	WGS	GENOMIC	RANDOM	paired	ILLUMINA	Illumina HiSeq 2500	Library preparation available on request			100	100	fastq	12754_7#57_1.fastq.gz	a97262fffa8ec1fb71ccbb9a9a310269	fastq	12754_7#57_2.fastq.gz	d359e71dbf178c53763064079b422f7d
PRJNA363037	SAMN06252272	12754_7#68	New Zealand Isolate	WGS	GENOMIC	RANDOM	paired	ILLUMINA	Illumina HiSeq 2500	Library preparation available on request			100	100	fastq	12754_7#68_1.fastq.gz	5886b5a3a675285ef44df3108e9e658e	fastq	12754_7#68_2.fastq.gz	3c2717d5eb3c836404a93b412b50dfd7
PRJNA363037	SAMN06252273	12754_7#88	New Zealand Isolate	WGS	GENOMIC	RANDOM	paired	ILLUMINA	Illumina HiSeq 2500	Library preparation available on request			100	100	fastq	12754_7#88_1.fastq.gz	ec7a165bd6154b41d918fcd329d424d7	fastq	12754_7#88_2.fastq.gz	d4bf656a66cbdc04042b44eb7324d46a
PRJNA363037	SAMN06252274	AgR244	New Zealand Isolate	WGS	GENOMIC	RANDOM	paired	ILLUMINA	Illumina MiSeq	Library preparation available on request			300	300	fastq	AgR244_S27_L001_R1_001.fastq.gz	06560daec301118555994b5d082093d4	fastq	AgR244_S27_L001_R2_001.fastq.gz	b7ec2218920bf648ee444325af56bdde
PRJNA363037	SAMN06252275	12755_8#2	New Zealand Isolate	WGS	GENOMIC	RANDOM	paired	ILLUMINA	Illumina HiSeq 2500	Library preparation available on request			100	100	fastq	12755_8#2_1.fastq.gz	2396d4beda220f39ab2d67d40ff56219	fastq	12755_8#2_2.fastq.gz	a247353ed27907e2c419e90d9e70723f
PRJNA363037	SAMN06252276	12754_8#89	New Zealand Isolate	WGS	GENOMIC	RANDOM	paired	ILLUMINA	Illumina HiSeq 2500	Library preparation available on request			100	100	fastq	12754_8#89_1.fastq.gz	1e879fc54f9388cc383979e8668196e1	fastq	12754_8#89_2.fastq.gz	7d5f894e434310fb3373148b008af227
PRJNA363037	SAMN06252277	AgR136	New Zealand Isolate	WGS	GENOMIC	RANDOM	paired	ILLUMINA	Illumina MiSeq	Library preparation available on request			300	300	fastq	AgR136_S18_L001_R1_001.fastq.gz	3f23dd1324754a9bada9adffcf14a842	fastq	AgR136_S18_L001_R2_001.fastq.gz	1287be62e999c9e879c40716f5b85e3a
PRJNA363037	SAMN06252278	12754_7#60	New Zealand Isolate	WGS	GENOMIC	RANDOM	paired	ILLUMINA	Illumina HiSeq 2500	Library preparation available on request			100	100	fastq	12754_7#60_2.fastq.gz	4259877fd413b2cfb7dbb65713daff4b	fastq	12754_7#60_1.fastq.gz	66eb2d044bc6a98d0d61e3fb89d9b2ca
PRJNA363037	SAMN06252279	12754_7#17	New Zealand Isolate	WGS	GENOMIC	RANDOM	paired	ILLUMINA	Illumina HiSeq 2500	Library preparation available on request			100	100	fastq	12754_7#17_1.fastq.gz	c8fe119cb996bf98ba45de78a942fb36	fastq	12754_7#17_2.fastq.gz	91256c8ff25d82461dde60301ac1f2f9
PRJNA363037	SAMN06252280	12754_8#21	New Zealand Isolate	WGS	GENOMIC	RANDOM	paired	ILLUMINA	Illumina HiSeq 2500	Library preparation available on request			100	100	fastq	12754_8#21_1.fastq.gz	77b82402abbe91f82ca93ba49a60b465	fastq	12754_8#21_2.fastq.gz	f1bf3f7fdf822859cdf00fd9a8be41ee
PRJNA363037	SAMN06252281	AgR270	New Zealand Isolate	WGS	GENOMIC	RANDOM	paired	ILLUMINA	Illumina MiSeq	Library preparation available on request			300	300	fastq	AgR270_S14_L001_R1_001.fastq.gz	5ef555c171bdaa5d2098020ab8be1f91	fastq	AgR270_S14_L001_R2_001.fastq.gz	d2b995d3b5cb2d4885d8cd9a6fdbccaf
PRJNA363037	SAMN06252282	N47	New Zealand Isolate	WGS	GENOMIC	RANDOM	paired	ILLUMINA	Illumina MiSeq	Library preparation available on request			250	250	fastq	N47_S3_L001_R1_001.fastq.gz	53b7231a36c04b6c6c6bcae7f1e72871	fastq	N47_S3_L001_R2_001.fastq.gz	d9cf7ffbd636cf4a506e9e6dfba19ee2
PRJNA363037	SAMN06252283	12754_7#35	New Zealand Isolate	WGS	GENOMIC	RANDOM	paired	ILLUMINA	Illumina HiSeq 2500	Library preparation available on request			100	100	fastq	12754_7#35_1.fastq.gz	758eee00eab585a3a61a26b39b6b91c6	fastq	12754_7#35_2.fastq.gz	3679ee7d671d8c8bd263958370beccbd
PRJNA363037	SAMN06252284	12754_8#40	New Zealand Isolate	WGS	GENOMIC	RANDOM	paired	ILLUMINA	Illumina HiSeq 2500	Library preparation available on request			100	100	fastq	12754_8#40_1.fastq.gz	13febe09f436672b465fdc2f0d8780b4	fastq	12754_8#40_2.fastq.gz	4791317ff972428e9d592137f384e84a
PRJNA363037	SAMN06252285	12754_8#58	New Zealand Isolate	WGS	GENOMIC	RANDOM	paired	ILLUMINA	Illumina HiSeq 2500	Library preparation available on request			100	100	fastq	12754_8#58_1.fastq.gz	9c235fbd256bab73f0eddc8352f5bf94	fastq	12754_8#58_2.fastq.gz	39f36667615deed7afaf8194f8439b76
PRJNA363037	SAMN06252286	N16	New Zealand Isolate	WGS	GENOMIC	RANDOM	paired	ILLUMINA	Illumina MiSeq	Library preparation available on request			250	250	fastq	N16_S11_L001_R1_001.fastq.gz	5242b5be3ddd2a8a000e3d20f653ca51	fastq	N16_S11_L001_R2_001.fastq.gz	23415ff1cb909fa9b83ab2e4206107fc
PRJNA363037	SAMN06252287	12754_7#48	New Zealand Isolate	WGS	GENOMIC	RANDOM	paired	ILLUMINA	Illumina HiSeq 2500	Library preparation available on request			100	100	fastq	12754_7#48_1.fastq.gz	b3c84b4e91a7da1c07dfd75eb2bd9265	fastq	12754_7#48_2.fastq.gz	502883497bc6bfbeb65ae695d2c56529
PRJNA363037	SAMN06252288	N53	New Zealand Isolate	WGS	GENOMIC	RANDOM	paired	ILLUMINA	Illumina MiSeq	Library preparation available on request			250	250	fastq	N53_S8_L001_R1_001.fastq.gz	0303e40ec2cb199ba42ce8ca5485c412	fastq	N53_S8_L001_R2_001.fastq.gz	0f1a4324feddf1a562b7edcb4b9ac522
PRJNA363037	SAMN06252289	N38	New Zealand Isolate	WGS	GENOMIC	RANDOM	paired	ILLUMINA	Illumina MiSeq	Library preparation available on request			250	250	fastq	N38_S8_L001_R1_001.fastq.gz	b687d14bf5edb8468e4acb4795fc6fd3	fastq	N38_S8_L001_R2_001.fastq.gz	c1f7b70bb1b034ec12db55a1df8fd83a
PRJNA363037	SAMN06252290	AgR262	New Zealand Isolate	WGS	GENOMIC	RANDOM	paired	ILLUMINA	Illumina MiSeq	Library preparation available on request			300	300	fastq	AgR262_S14_L001_R1_001.fastq.gz	78906808a6429a6610c45c568646e9f3	fastq	AgR262_S14_L001_R2_001.fastq.gz	5745f49869815f2c209b6155403923a7
PRJNA363037	SAMN06252291	AgR242	New Zealand Isolate	WGS	GENOMIC	RANDOM	paired	ILLUMINA	Illumina MiSeq	Library preparation available on request			300	300	fastq	AgR242_S4_L001_R1_001.fastq.gz	bcd0aff3d23b1a92d9e7ab844f0ae3c0	fastq	AgR242_S4_L001_R2_001.fastq.gz	9bcf8b599c204ce345480da7c4d37e32
PRJNA363037	SAMN06252292	12754_7#53	New Zealand Isolate	WGS	GENOMIC	RANDOM	paired	ILLUMINA	Illumina HiSeq 2500	Library preparation available on request			100	100	fastq	12754_7#53_1.fastq.gz	7f42b240f264318474c38f369cbd6bb7	fastq	12754_7#53_2.fastq.gz	01f6f6f6902881a9acbfb81f1a8485a3
PRJNA363037	SAMN06252293	12754_7#25	New Zealand Isolate	WGS	GENOMIC	RANDOM	paired	ILLUMINA	Illumina HiSeq 2500	Library preparation available on request			100	100	fastq	12754_7#25_1.fastq.gz	2e4c9d3ded2df94ee9db4962afa2311a	fastq	12754_7#25_2.fastq.gz	492d2a4cce1de62f8fc384a870dc35be
PRJNA363037	SAMN06252294	12754_7#43	New Zealand Isolate	WGS	GENOMIC	RANDOM	paired	ILLUMINA	Illumina HiSeq 2500	Library preparation available on request			100	100	fastq	12754_7#43_1.fastq.gz	c944b7a72f7f32140503d88b59d8407c	fastq	12754_7#43_2.fastq.gz	a0772eb7179434c1586bf544ecae9dd7
PRJNA363037	SAMN06252295	12754_8#39	New Zealand Isolate	WGS	GENOMIC	RANDOM	paired	ILLUMINA	Illumina HiSeq 2500	Library preparation available on request			100	100	fastq	12754_8#39_1.fastq.gz	93ed4ea6b9bfd0a436ffd386faa231aa	fastq	12754_8#39_2.fastq.gz	4d891db3f512c21ef3f0d56dc4931b8b
PRJNA363037	SAMN06252296	AgR303	New Zealand Isolate	WGS	GENOMIC	RANDOM	paired	ILLUMINA	Illumina MiSeq	Library preparation available on request			300	300	fastq	AgR303_S33_L001_R1_001.fastq.gz	a0d8d965ae39f6b8f082ac115145e3fa	fastq	AgR303_S33_L001_R2_001.fastq.gz	1f14fb8ce02e6f88a249b4e381c5f9e2
PRJNA363037	SAMN06252297	12754_7#67	New Zealand Isolate	WGS	GENOMIC	RANDOM	paired	ILLUMINA	Illumina HiSeq 2500	Library preparation available on request			100	100	fastq	12754_7#67_1.fastq.gz	efde2069851d7b50f4b1dc767e21baa0	fastq	12754_7#67_2.fastq.gz	edc216c1a3401f2fb80464583b301cef
PRJNA363037	SAMN06252298	12754_8#28	New Zealand Isolate	WGS	GENOMIC	RANDOM	paired	ILLUMINA	Illumina HiSeq 2500	Library preparation available on request			100	100	fastq	12754_8#28_1.fastq.gz	6320d5c22971c3732e4a5c5bdff06487	fastq	12754_8#28_2.fastq.gz	c2b5e7c2bb3ed2533a97b6f2a5500bc2
PRJNA363037	SAMN06252299	12754_8#14	New Zealand Isolate	WGS	GENOMIC	RANDOM	paired	ILLUMINA	Illumina HiSeq 2500	Library preparation available on request			100	100	fastq	12754_8#14_1.fastq.gz	8bc98af46f62d5d5e60aa8896b67d31e	fastq	12754_8#14_2.fastq.gz	85bbc9a64bc2a9929805f98c9886f62d
PRJNA363037	SAMN06252300	N23	New Zealand Isolate	WGS	GENOMIC	RANDOM	paired	ILLUMINA	Illumina MiSeq	Library preparation available on request			250	250	fastq	N23_S4_L001_R1_001.fastq.gz	e52466e67f16cc7c7f12f448c8a761b0	fastq	N23_S4_L001_R2_001.fastq.gz	3ea2024daca5be60689564459097a7e4
PRJNA363037	SAMN06252301	AgR236	New Zealand Isolate	WGS	GENOMIC	RANDOM	paired	ILLUMINA	Illumina MiSeq	Library preparation available on request			300	300	fastq	AgR236_S45_L001_R1_001.fastq.gz	5a713f9de81135de38a7f1deba1a1779	fastq	AgR236_S45_L001_R2_001.fastq.gz	a5ebe8c3e03694526dd37244c66a1b09
PRJNA363037	SAMN06252302	12754_7#23	New Zealand Isolate	WGS	GENOMIC	RANDOM	paired	ILLUMINA	Illumina HiSeq 2500	Library preparation available on request			100	100	fastq	12754_7#23_1.fastq.gz	8ca691a885951238a5750bd345133f23	fastq	12754_7#23_2.fastq.gz	138d13bf6aa31dd57a04a5bbee8ef5ec
PRJNA363037	SAMN06252303	12754_7#81	New Zealand Isolate	WGS	GENOMIC	RANDOM	paired	ILLUMINA	Illumina HiSeq 2500	Library preparation available on request			100	100	fastq	12754_7#81_1.fastq.gz	c6412ffc25be2ce82d6663ac8fd1c756	fastq	12754_7#81_2.fastq.gz	ef3f173962b4aba2c4edc23cd7e670ad
PRJNA363037	SAMN06252304	12754_8#53	New Zealand Isolate	WGS	GENOMIC	RANDOM	paired	ILLUMINA	Illumina HiSeq 2500	Library preparation available on request			100	100	fastq	12754_8#53_1.fastq.gz	1bc44afd583a86e31a66282f24c99c61	fastq	12754_8#53_2.fastq.gz	31e89c474e9259024a8f1a77430a0550
PRJNA363037	SAMN06252305	12754_8#79	New Zealand Isolate	WGS	GENOMIC	RANDOM	paired	ILLUMINA	Illumina HiSeq 2500	Library preparation available on request			100	100	fastq	12754_8#79_1.fastq.gz	f7e3dcfa43f16052be12932c950f0417	fastq	12754_8#79_2.fastq.gz	408aad9fbeaf6c287442c0339c9fe253
PRJNA363037	SAMN06252306	12755_8#8	New Zealand Isolate	WGS	GENOMIC	RANDOM	paired	ILLUMINA	Illumina HiSeq 2500	Library preparation available on request			100	100	fastq	12755_8#8_1.fastq.gz	004a6e1f5434ea62db04588b5eb4e956	fastq	12755_8#8_2.fastq.gz	e50eebc5679210bb61bfa4c53a5704c2
PRJNA363037	SAMN06252307	12754_7#36	New Zealand Isolate	WGS	GENOMIC	RANDOM	paired	ILLUMINA	Illumina HiSeq 2500	Library preparation available on request			100	100	fastq	12754_7#36_1.fastq.gz	7aec892f7ebef4e66837f86a5d2c9664	fastq	12754_7#36_2.fastq.gz	221ce1b7ee4f25a85d38d9fe8dc3cdbc
PRJNA363037	SAMN06252308	12754_8#4	New Zealand Isolate	WGS	GENOMIC	RANDOM	paired	ILLUMINA	Illumina HiSeq 2500	Library preparation available on request			100	100	fastq	12754_8#4_1.fastq.gz	0c89c4572de662050bed20321780b0c1	fastq	12754_8#4_2.fastq.gz	1587df28f919b738edd962e90966ad8d
PRJNA363037	SAMN06252309	AgR239	New Zealand Isolate	WGS	GENOMIC	RANDOM	paired	ILLUMINA	Illumina MiSeq	Library preparation available on request			300	300	fastq	AgR239_S15_L001_R1_001.fastq.gz	a1d711824576f5a598f502641f9e52a3	fastq	AgR239_S15_L001_R2_001.fastq.gz	cd775ad45b66c692d0a45b374e045ae5
PRJNA363037	SAMN06252310	AgR261	New Zealand Isolate	WGS	GENOMIC	RANDOM	paired	ILLUMINA	Illumina MiSeq	Library preparation available on request			300	300	fastq	AgR261_S8_L001_R1_001.fastq.gz	b06968d85ca582e76efede84f713045b	fastq	AgR261_S8_L001_R2_001.fastq.gz	979b1c358f6bcd9af40944d9d28b7000
PRJNA363037	SAMN06252311	12754_8#87	New Zealand Isolate	WGS	GENOMIC	RANDOM	paired	ILLUMINA	Illumina HiSeq 2500	Library preparation available on request			100	100	fastq	12754_8#87_1.fastq.gz	6e894a53f7d715e97f55ef89e222e61b	fastq	12754_8#87_2.fastq.gz	b901b272dd2e70c9540fa57f930caee7
PRJNA363037	SAMN06252312	12755_8#11	New Zealand Isolate	WGS	GENOMIC	RANDOM	paired	ILLUMINA	Illumina HiSeq 2500	Library preparation available on request			100	100	fastq	12755_8#11_1.fastq.gz	ff257480e751f0e54b08ea268a3c7349	fastq	12755_8#11_2.fastq.gz	b0d3f9ba69f1f5f92ce1e3e0d3a9a124
PRJNA363037	SAMN06252313	AgR306	New Zealand Isolate	WGS	GENOMIC	RANDOM	paired	ILLUMINA	Illumina MiSeq	Library preparation available on request			300	300	fastq	AgR306_S46_L001_R1_001.fastq.gz	dffda58a3691de45acf69691a85ed4e1	fastq	AgR306_S46_L001_R2_001.fastq.gz	2a31c17cd782dfb35556f6b41bc8b6cd
PRJNA363037	SAMN06252314	12754_8#46	New Zealand Isolate	WGS	GENOMIC	RANDOM	paired	ILLUMINA	Illumina HiSeq 2500	Library preparation available on request			100	100	fastq	12754_8#46_1.fastq.gz	7c4ce3c026dcebce4e1946033502d61d	fastq	12754_8#46_2.fastq.gz	5185bb95af23e05fca3513c9ffc77243
PRJNA363037	SAMN06252315	12754_8#1	New Zealand Isolate	WGS	GENOMIC	RANDOM	paired	ILLUMINA	Illumina HiSeq 2500	Library preparation available on request			100	100	fastq	12754_8#1_1.fastq.gz	b420ceb6ffd6fa64a8e5f683eab11a2d	fastq	12754_8#1_2.fastq.gz	4a7f43d193b8f02d1a6bf79c668aa18b
PRJNA363037	SAMN06252316	AgR309	New Zealand Isolate	WGS	GENOMIC	RANDOM	paired	ILLUMINA	Illumina MiSeq	Library preparation available on request			300	300	fastq	AgR309_S40_L001_R1_001.fastq.gz	edd4cd3c1ccb11cafeb5196bfa7e88e7	fastq	AgR309_S40_L001_R2_001.fastq.gz	c6834de6fdf0c0c3c53555f4bffb43cf
PRJNA363037	SAMN06252317	AgR282	New Zealand Isolate	WGS	GENOMIC	RANDOM	paired	ILLUMINA	Illumina MiSeq	Library preparation available on request			300	300	fastq	AgR282_S20_L001_R1_001.fastq.gz	bfe76d6b7847f1cef5f7e17a7226714c	fastq	AgR282_S20_L001_R2_001.fastq.gz	5cbd7fe116a787186e16414fbbbac9e7
PRJNA363037	SAMN06252318	12755_8#24	New Zealand Isolate	WGS	GENOMIC	RANDOM	paired	ILLUMINA	Illumina HiSeq 2500	Library preparation available on request			100	100	fastq	12755_8#24_1.fastq.gz	b8ed22fa61b2bbbc5df62dea07b680bc	fastq	12755_8#24_2.fastq.gz	916aad98b4bca2cd25c7f0d2a8ac1e6d
PRJNA363037	SAMN06252319	12754_8#71	New Zealand Isolate	WGS	GENOMIC	RANDOM	paired	ILLUMINA	Illumina HiSeq 2500	Library preparation available on request			100	100	fastq	12754_8#71_1.fastq.gz	4d4e73f9abc31a6cb396294d4f8b0f70	fastq	12754_8#71_2.fastq.gz	11e2826229badc1cc010e05b2dd2d76e
PRJNA363037	SAMN06252320	AgR111	New Zealand Isolate	WGS	GENOMIC	RANDOM	paired	ILLUMINA	Illumina MiSeq	Library preparation available on request			300	300	fastq	AgR111_S8_L001_R1_001.fastq.gz	ed1bd3a740d9005c9fad5c381140df53	fastq	AgR111_S8_L001_R2_001.fastq.gz	07049a6fb51623ef33ca151c2457bb51
PRJNA363037	SAMN06252321	AgR253	New Zealand Isolate	WGS	GENOMIC	RANDOM	paired	ILLUMINA	Illumina MiSeq	Library preparation available on request			300	300	fastq	AgR253_S25_L001_R1_001.fastq.gz	97eecf4ba4b27c93f976a204a6749336	fastq	AgR253_S25_L001_R2_001.fastq.gz	94d173ee7d26b3e3b792fda8eee5167e
PRJNA363037	SAMN06252322	12755_8#23	New Zealand Isolate	WGS	GENOMIC	RANDOM	paired	ILLUMINA	Illumina HiSeq 2500	Library preparation available on request			100	100	fastq	12755_8#23_1.fastq.gz	5375118ace93a0a1cde5c03a86981aee	fastq	12755_8#23_2.fastq.gz	30a9ad866e38114f71976310b56bd57f
PRJNA363037	SAMN06252323	12754_7#15	New Zealand Isolate	WGS	GENOMIC	RANDOM	paired	ILLUMINA	Illumina HiSeq 2500	Library preparation available on request			100	100	fastq	12754_7#15_1.fastq.gz	eeabf07dbcd51d4b0b7b777d04d7a462	fastq	12754_7#15_2.fastq.gz	bc968e14f2c05d4d7355e4dcd90ed0a2
PRJNA363037	SAMN06252324	12754_7#39	New Zealand Isolate	WGS	GENOMIC	RANDOM	paired	ILLUMINA	Illumina HiSeq 2500	Library preparation available on request			100	100	fastq	12754_7#39_1.fastq.gz	b13e7f27e4063e70b5e4f05922be8db8	fastq	12754_7#39_2.fastq.gz	84812b1a59550ae7faebb42d3caf19ac
PRJNA363037	SAMN06252325	12754_7#62	New Zealand Isolate	WGS	GENOMIC	RANDOM	paired	ILLUMINA	Illumina HiSeq 2500	Library preparation available on request			100	100	fastq	12754_7#62_1.fastq.gz	3eed3a6c90b72c05d92675c5daf2156b	fastq	12754_7#62_2.fastq.gz	df83172b9fea95cd9d0dc60b74d0d1a6
PRJNA363037	SAMN06252326	12754_7#44	New Zealand Isolate	WGS	GENOMIC	RANDOM	paired	ILLUMINA	Illumina HiSeq 2500	Library preparation available on request			100	100	fastq	12754_7#44_1.fastq.gz	11e46f2b378179786ac91310cb5784c3	fastq	12754_7#44_2.fastq.gz	fc09698f5b13ae3f0cad9b58cbe361c8
PRJNA363037	SAMN06252327	12754_8#43	New Zealand Isolate	WGS	GENOMIC	RANDOM	paired	ILLUMINA	Illumina HiSeq 2500	Library preparation available on request			100	100	fastq	12754_8#43_1.fastq.gz	bf6dd2837fbcd713b70747d83787fe8d	fastq	12754_8#43_2.fastq.gz	28860741148040b1fbaab7296b65e35e
PRJNA363037	SAMN06252328	12754_8#68	New Zealand Isolate	WGS	GENOMIC	RANDOM	paired	ILLUMINA	Illumina HiSeq 2500	Library preparation available on request			100	100	fastq	12754_8#68_1.fastq.gz	8d303d05e292b6aead6c0da6a41c2968	fastq	12754_8#68_2.fastq.gz	f58a5a783ce2e25490492165043cfd27
PRJNA363037	SAMN06252329	AgR299	New Zealand Isolate	WGS	GENOMIC	RANDOM	paired	ILLUMINA	Illumina MiSeq	Library preparation available on request			300	300	fastq	AgR299_S12_L001_R1_001.fastq.gz	6c3954c0c43330a8aacc8127a261c42a	fastq	AgR299_S12_L001_R2_001.fastq.gz	dc50386b5fef695bd6062ba789558d6d
PRJNA363037	SAMN06252330	12754_7#7	New Zealand Isolate	WGS	GENOMIC	RANDOM	paired	ILLUMINA	Illumina HiSeq 2500	Library preparation available on request			100	100	fastq	12754_7#7_1.fastq.gz	b0bb7c68556633bd2cd214c0317bd4d0	fastq	12754_7#7_2.fastq.gz	eefffeea5b1f9f06561585fe3013aa48
PRJNA363037	SAMN06252331	AgR247	New Zealand Isolate	WGS	GENOMIC	RANDOM	paired	ILLUMINA	Illumina MiSeq	Library preparation available on request			300	300	fastq	AgR247_S44_L001_R1_001.fastq.gz	ebe0eed8b8573c415a0f5a541f29ac35	fastq	AgR247_S44_L001_R2_001.fastq.gz	bf7726bb5b79b3bd8715f5fa3d810c46
PRJNA363037	SAMN06252332	N36	New Zealand Isolate	WGS	GENOMIC	RANDOM	paired	ILLUMINA	Illumina MiSeq	Library preparation available on request			250	250	fastq	N36_S6_L001_R1_001.fastq.gz	aacbc53ae3e95ad7f29f1634bfde7d07	fastq	N36_S6_L001_R2_001.fastq.gz	b949a469915573cc787930619abe663e
PRJNA363037	SAMN06252333	12754_8#25	New Zealand Isolate	WGS	GENOMIC	RANDOM	paired	ILLUMINA	Illumina HiSeq 2500	Library preparation available on request			100	100	fastq	12754_8#25_1.fastq.gz	bd588b713ca530ace1fdec064873a325	fastq	12754_8#25_2.fastq.gz	353b2a0fd57c78f32e7261f2c5dcf50d
PRJNA363037	SAMN06252334	12754_8#13	New Zealand Isolate	WGS	GENOMIC	RANDOM	paired	ILLUMINA	Illumina HiSeq 2500	Library preparation available on request			100	100	fastq	12754_8#13_1.fastq.gz	c8da38dd8c3e775e68a478074d45f981	fastq	12754_8#13_2.fastq.gz	fd29ad4f8520073dcc459af8cb6657e9
PRJNA363037	SAMN06252335	12754_8#35	New Zealand Isolate	WGS	GENOMIC	RANDOM	paired	ILLUMINA	Illumina HiSeq 2500	Library preparation available on request			100	100	fastq	12754_8#35_1.fastq.gz	a55790aa929e8d767135aa2cfe407831	fastq	12754_8#35_2.fastq.gz	13eb6e33670d345130db0055fe3d89ed
PRJNA363037	SAMN06252336	AgR294	New Zealand Isolate	WGS	GENOMIC	RANDOM	paired	ILLUMINA	Illumina MiSeq	Library preparation available on request			300	300	fastq	AgR294_S32_L001_R1_001.fastq.gz	de7c19f1c3ba5ca8f3beb06f8146fca2	fastq	AgR294_S32_L001_R2_001.fastq.gz	bcebbe9dcad4e42299d83a7220973658
PRJNA363037	SAMN06252338	AgR264	New Zealand Isolate	WGS	GENOMIC	RANDOM	paired	ILLUMINA	Illumina MiSeq	Library preparation available on request			300	300	fastq	AgR264_S26_L001_R1_001.fastq.gz	d66272e862fc561caef8e398849ff03a	fastq	AgR264_S26_L001_R2_001.fastq.gz	ead89cb686ce8744bf6fd6c0dc1e9552
PRJNA363037	SAMN06252337	AgR246	New Zealand Isolate	WGS	GENOMIC	RANDOM	paired	ILLUMINA	Illumina MiSeq	Library preparation available on request			300	300	fastq	AgR246_S39_L001_R1_001.fastq.gz	32bb71b93a5b6e3a18e4ae31ce934b46	fastq	AgR246_S39_L001_R2_001.fastq.gz	9922ba0236fa8eea74521d0cef0a8af9
PRJNA363037	SAMN06252339	12754_8#8	New Zealand Isolate	WGS	GENOMIC	RANDOM	paired	ILLUMINA	Illumina HiSeq 2500	Library preparation available on request			100	100	fastq	12754_8#8_1.fastq.gz	a70c2aeb56a107b935e42ad368eda752	fastq	12754_8#8_2.fastq.gz	1346781334438fc95d369ed2666f866c
PRJNA363037	SAMN06252340	AgR273	New Zealand Isolate	WGS	GENOMIC	RANDOM	paired	ILLUMINA	Illumina MiSeq	Library preparation available on request			300	300	fastq	AgR273_S30_L001_R1_001.fastq.gz	8543fcebca570f990f9329f422f0b92a	fastq	AgR273_S30_L001_R2_001.fastq.gz	6b7a2e084edde65f8cbdad468c18c185
PRJNA363037	SAMN06252341	12754_8#95	New Zealand Isolate	WGS	GENOMIC	RANDOM	paired	ILLUMINA	Illumina HiSeq 2500	Library preparation available on request			100	100	fastq	12754_8#95_1.fastq.gz	06db3613dc076adad309a91e49d94c14	fastq	12754_8#95_2.fastq.gz	5a74df7626febe3c4fcdf96b53ff79d4
PRJNA363037	SAMN06252342	12754_8#10	New Zealand Isolate	WGS	GENOMIC	RANDOM	paired	ILLUMINA	Illumina HiSeq 2500	Library preparation available on request			100	100	fastq	12754_8#10_1.fastq.gz	f5ca3ece7ee791f12cd168121c27222c	fastq	12754_8#10_2.fastq.gz	4c10063bf710d7c1f1f3df997a6f3c22
PRJNA363037	SAMN06252343	12754_8#72	New Zealand Isolate	WGS	GENOMIC	RANDOM	paired	ILLUMINA	Illumina HiSeq 2500	Library preparation available on request			100	100	fastq	12754_8#72_1.fastq.gz	d9e83880131c53523764fda847a89fb8	fastq	12754_8#72_2.fastq.gz	6f5d922e0e1423fea58cd827f9df2296
PRJNA363037	SAMN06252344	12754_8#17	New Zealand Isolate	WGS	GENOMIC	RANDOM	paired	ILLUMINA	Illumina HiSeq 2500	Library preparation available on request			100	100	fastq	12754_8#17_1.fastq.gz	c8da9678d42aa7f6b71e33f71f8558b9	fastq	12754_8#17_2.fastq.gz	7abf0ad411601ff7a6e324919f83f63b
PRJNA363037	SAMN06252345	12754_7#52	New Zealand Isolate	WGS	GENOMIC	RANDOM	paired	ILLUMINA	Illumina HiSeq 2500	Library preparation available on request			100	100	fastq	12754_7#52_1.fastq.gz	49583f933a3d97bb956df7094b5d5452	fastq	12754_7#52_2.fastq.gz	fae2b86f3d22e021b4bd3a302526f278
PRJNA363037	SAMN06252347	12754_8#22	New Zealand Isolate	WGS	GENOMIC	RANDOM	paired	ILLUMINA	Illumina HiSeq 2500	Library preparation available on request			100	100	fastq	12754_8#22_1.fastq.gz	11dd73ce7f3a2f4b739c512fe9a63237	fastq	12754_8#22_2.fastq.gz	2e9671f78ae267e3e087fafbc1dc525d
PRJNA363037	SAMN06252346	12754_7#76	New Zealand Isolate	WGS	GENOMIC	RANDOM	paired	ILLUMINA	Illumina HiSeq 2500	Library preparation available on request			100	100	fastq	12754_7#76_1.fastq.gz	217a5f8a50a8388f7825df301a3a6be2	fastq	12754_7#76_2.fastq.gz	5dafd5750cac073a92be7cd7aae148ef
PRJNA363037	SAMN06252348	12754_7#29	New Zealand Isolate	WGS	GENOMIC	RANDOM	paired	ILLUMINA	Illumina HiSeq 2500	Library preparation available on request			100	100	fastq	12754_7#29_1.fastq.gz	2c2c76971fa6ead91c8d1295f92310d2	fastq	12754_7#29_2.fastq.gz	cd4b5a9f8db6b05a6512730fecb3d00f
PRJNA363037	SAMN06252349	AgR265	New Zealand Isolate	WGS	GENOMIC	RANDOM	paired	ILLUMINA	Illumina MiSeq	Library preparation available on request			300	300	fastq	AgR265_S32_L001_R1_001.fastq.gz	78161d80d7e09356433f48b1202612bb	fastq	AgR265_S32_L001_R2_001.fastq.gz	02c0a0ec7ffb459e1e0d5756e188abfe
PRJNA363037	SAMN06252351	12754_8#64	New Zealand Isolate	WGS	GENOMIC	RANDOM	paired	ILLUMINA	Illumina HiSeq 2500	Library preparation available on request			100	100	fastq	12754_8#64_1.fastq.gz	91158fb763e7cb2fadfae85e3a2c4c76	fastq	12754_8#64_2.fastq.gz	7d336791963656db2410b2f6f3dbdb29
PRJNA363037	SAMN06252350	12754_7#47	New Zealand Isolate	WGS	GENOMIC	RANDOM	paired	ILLUMINA	Illumina HiSeq 2500	Library preparation available on request			100	100	fastq	12754_7#47_1.fastq.gz	825ff13dc470d914310da8d33200c46a	fastq	12754_7#47_2.fastq.gz	a833f368e049d54250bb3e2ccb3b6758
PRJNA363037	SAMN06252353	12754_8#88	New Zealand Isolate	WGS	GENOMIC	RANDOM	paired	ILLUMINA	Illumina HiSeq 2500	Library preparation available on request			100	100	fastq	12754_8#88_1.fastq.gz	cd58f4f3df3290c4503eeebde51c1ce9	fastq	12754_8#88_2.fastq.gz	fb33b78d5981ab83835e216e4d609c55
PRJNA363037	SAMN06252352	12754_7#6	New Zealand Isolate	WGS	GENOMIC	RANDOM	paired	ILLUMINA	Illumina HiSeq 2500	Library preparation available on request			100	100	fastq	12754_7#6_1.fastq.gz	a46b8897d7663e62ffe8b33587bf7041	fastq	12754_7#6_2.fastq.gz	6fe8ed7a868e98e531c665ea27c475da
PRJNA363037	SAMN06252354	12754_8#67	New Zealand Isolate	WGS	GENOMIC	RANDOM	paired	ILLUMINA	Illumina HiSeq 2500	Library preparation available on request			100	100	fastq	12754_8#67_1.fastq.gz	fdd6098767f7d51674f38dad9e0e985b	fastq	12754_8#67_2.fastq.gz	7ba2f935379a54feed41615892adae34
PRJNA363037	SAMN06252355	12754_7#95	New Zealand Isolate	WGS	GENOMIC	RANDOM	paired	ILLUMINA	Illumina HiSeq 2500	Library preparation available on request			100	100	fastq	12754_7#95_1.fastq.gz	79c4a96ef6be111a44bdca4da457e01d	fastq	12754_7#95_2.fastq.gz	f5bf52d0f51eb2cf24c1c55b4ae03f68
PRJNA363037	SAMN06252356	N27	New Zealand Isolate	WGS	GENOMIC	RANDOM	paired	ILLUMINA	Illumina MiSeq	Library preparation available on request			250	250	fastq	N27_S8_L001_R1_001.fastq.gz	f489ed690208c12116715ad27794ba8a	fastq	N27_S8_L001_R2_001.fastq.gz	89cee4d85dc04e1edc07cd0f81ef5003
PRJNA363037	SAMN06252357	12754_8#54	New Zealand Isolate	WGS	GENOMIC	RANDOM	paired	ILLUMINA	Illumina HiSeq 2500	Library preparation available on request			100	100	fastq	12754_8#54_1.fastq.gz	f0ca1203691d171f7e80647ce5fef350	fastq	12754_8#54_2.fastq.gz	8eeafdf6c5deabcf74f4de1788cd9aa4
PRJNA363037	SAMN06252358	12754_8#76	New Zealand Isolate	WGS	GENOMIC	RANDOM	paired	ILLUMINA	Illumina HiSeq 2500	Library preparation available on request			100	100	fastq	12754_8#76_1.fastq.gz	8be642e6c84a09e9b024c3eeb4edf0bb	fastq	12754_8#76_2.fastq.gz	11db1db3b55b98cd91829b2a532e8454
PRJNA363037	SAMN06252359	12754_8#84	New Zealand Isolate	WGS	GENOMIC	RANDOM	paired	ILLUMINA	Illumina HiSeq 2500	Library preparation available on request			100	100	fastq	12754_8#84_1.fastq.gz	a0dc2302605aeb5ae222bc185cc656f3	fastq	12754_8#84_2.fastq.gz	d8899af85efbd429971330069f4673c2
PRJNA363037	SAMN06252361	12754_7#69	New Zealand Isolate	WGS	GENOMIC	RANDOM	paired	ILLUMINA	Illumina HiSeq 2500	Library preparation available on request			100	100	fastq	12754_7#69_1.fastq.gz	120c79c56e5c8a6c968da4006945a038	fastq	12754_7#69_2.fastq.gz	0ad5077de8fa21f154845a5bea2920b4
PRJNA363037	SAMN06252360	12754_8#61	New Zealand Isolate	WGS	GENOMIC	RANDOM	paired	ILLUMINA	Illumina HiSeq 2500	Library preparation available on request			100	100	fastq	12754_8#61_1.fastq.gz	a2fc50e28b7a9a29185e0440fc73916d	fastq	12754_8#61_2.fastq.gz	54f1fd1bda28768c0f676de6cf4fbffe
PRJNA363037	SAMN06252362	12754_7#89	New Zealand Isolate	WGS	GENOMIC	RANDOM	paired	ILLUMINA	Illumina HiSeq 2500	Library preparation available on request			100	100	fastq	12754_7#89_1.fastq.gz	c69d6c98ad0705a73269fc409ffc06d3	fastq	12754_7#89_2.fastq.gz	70f11d8fc5b09ed3a2f2a29438f21ea2
PRJNA363037	SAMN06252363	12754_8#50	New Zealand Isolate	WGS	GENOMIC	RANDOM	paired	ILLUMINA	Illumina HiSeq 2500	Library preparation available on request			100	100	fastq	12754_8#50_1.fastq.gz	1149c45f8228c2596872c7fd7a4eca7a	fastq	12754_8#50_2.fastq.gz	69977904cbb75c8fbb1da9906c081f8e
PRJNA363037	SAMN06252365	12754_7#80	New Zealand Isolate	WGS	GENOMIC	RANDOM	paired	ILLUMINA	Illumina HiSeq 2500	Library preparation available on request			100	100	fastq	12754_7#80_1.fastq.gz	b90497d6cc97f7b6b1b7a6505815aabb	fastq	12754_7#80_2.fastq.gz	a56ab7e18083526d6039288abfc8823f
PRJNA363037	SAMN06252364	N37	New Zealand Isolate	WGS	GENOMIC	RANDOM	paired	ILLUMINA	Illumina MiSeq	Library preparation available on request			250	250	fastq	N37_S7_L001_R1_001.fastq.gz	5a8d44b15aa72946de9fd95cb5f78a14	fastq	N37_S7_L001_R2_001.fastq.gz	1890d02563219cfac20a4fea91c864a4
PRJNA363037	SAMN06252366	12754_7#18	New Zealand Isolate	WGS	GENOMIC	RANDOM	paired	ILLUMINA	Illumina HiSeq 2500	Library preparation available on request			100	100	fastq	12754_7#18_1.fastq.gz	3e1470ee784246c2523cb723b10bb034	fastq	12754_7#18_2.fastq.gz	b4f030ec95098a14be5ef2c3ad258e89
PRJNA363037	SAMN06252367	12754_7#42	New Zealand Isolate	WGS	GENOMIC	RANDOM	paired	ILLUMINA	Illumina HiSeq 2500	Library preparation available on request			100	100	fastq	12754_7#42_1.fastq.gz	fcee774f037cc3e06981139e094b8552	fastq	12754_7#42_2.fastq.gz	30ff1655369586682c462feed91cc8d9
PRJNA363037	SAMN06252369	12754_7#66	New Zealand Isolate	WGS	GENOMIC	RANDOM	paired	ILLUMINA	Illumina HiSeq 2500	Library preparation available on request			100	100	fastq	12754_7#66_1.fastq.gz	26ed974e606630a073f31892a315fe65	fastq	12754_7#66_2.fastq.gz	26516b942690c923e282ebb2af04bc54
PRJNA363037	SAMN06252368	12754_8#90	New Zealand Isolate	WGS	GENOMIC	RANDOM	paired	ILLUMINA	Illumina HiSeq 2500	Library preparation available on request			100	100	fastq	12754_8#90_1.fastq.gz	0edb04ef1fac45fdd086051c90566bd8	fastq	12754_8#90_2.fastq.gz	5a041758e8bfa53542da86b2609a888c
PRJNA363037	SAMN06252371	AgR200	New Zealand Isolate	WGS	GENOMIC	RANDOM	paired	ILLUMINA	Illumina MiSeq	Library preparation available on request			300	300	fastq	AgR200_S11_L001_R1_001.fastq.gz	9569efac354a6344beaa3d96a6b489d3	fastq	AgR200_S11_L001_R2_001.fastq.gz	3b7df45f2a702bd6963028674a0782ef
PRJNA363037	SAMN06252370	12755_8#17	New Zealand Isolate	WGS	GENOMIC	RANDOM	paired	ILLUMINA	Illumina HiSeq 2500	Library preparation available on request			100	100	fastq	12755_8#17_1.fastq.gz	d12777aaabebd14c187819d5a910a694	fastq	12755_8#17_2.fastq.gz	4d42809db84a12c6f880f2e07720ac6a
PRJNA363037	SAMN06252372	N11	New Zealand Isolate	WGS	GENOMIC	RANDOM	paired	ILLUMINA	Illumina MiSeq	Library preparation available on request			250	250	fastq	N11_S8_L001_R1_001.fastq.gz	90eae0c50471794cf09844f87d6193e2	fastq	N11_S8_L001_R2_001.fastq.gz	2b2c4e3dcba73a798ad46101991710dd
PRJNA363037	SAMN06252373	12754_7#24	New Zealand Isolate	WGS	GENOMIC	RANDOM	paired	ILLUMINA	Illumina HiSeq 2500	Library preparation available on request			100	100	fastq	12754_7#24_1.fastq.gz	bfaac961e7f49c5320a30463536cf1b1	fastq	12754_7#24_2.fastq.gz	5b22aa512c6f4fca4729889a4f6266b6
PRJNA363037	SAMN06252376	12754_7#2	New Zealand Isolate	WGS	GENOMIC	RANDOM	paired	ILLUMINA	Illumina HiSeq 2500	Library preparation available on request			100	100	fastq	12754_7#2_1.fastq.gz	1fdabf64580d75e8b768b1a80b6592b1	fastq	12754_7#2_2.fastq.gz	04d84c6ba0d062ab2676340e75276ffb
PRJNA363037	SAMN06252375	12754_8#30	New Zealand Isolate	WGS	GENOMIC	RANDOM	paired	ILLUMINA	Illumina HiSeq 2500	Library preparation available on request			100	100	fastq	12754_8#30_1.fastq.gz	baa4596765ab28d6216cdbf6775ee68d	fastq	12754_8#30_2.fastq.gz	024988f19406648964c317f0f12a15b9
PRJNA363037	SAMN06252374	AgR235	New Zealand Isolate	WGS	GENOMIC	RANDOM	paired	ILLUMINA	Illumina MiSeq	Library preparation available on request			300	300	fastq	AgR235_S40_L001_R1_001.fastq.gz	acc39fc5657f50d2cc8014b434a29479	fastq	AgR235_S40_L001_R2_001.fastq.gz	7a44587cde8f429ac099b7bc26a5e769
